alt_km,inc_deg,satname,provider,constellation
371.1981274837617,53.1456,STARLINK-1008,SpaceX,Starlink
370.49090872058787,53.1483,STARLINK-1012,SpaceX,Starlink
445.82372491808565,53.0431,STARLINK-1017,SpaceX,Starlink
357.7794482813456,53.1496,STARLINK-1020,SpaceX,Starlink
287.54693019542265,53.0331,STARLINK-1036,SpaceX,Starlink
457.7198653819228,53.0569,STARLINK-1039,SpaceX,Starlink
382.45879169080763,53.0394,STARLINK-1042,SpaceX,Starlink
345.2773277229321,53.0441,STARLINK-1043,SpaceX,Starlink
352.37516779877706,53.0408,STARLINK-1046,SpaceX,Starlink
448.48373744831406,53.0668,STARLINK-1047,SpaceX,Starlink
326.3346757866111,53.0398,STARLINK-1048,SpaceX,Starlink
376.76607354090356,53.1481,STARLINK-1063,SpaceX,Starlink
313.90146140687557,53.0351,STARLINK-1114,SpaceX,Starlink
350.38855073162176,53.1373,STARLINK-1123,SpaceX,Starlink
365.4521483446897,53.146,STARLINK-1094,SpaceX,Starlink
366.57401367472767,53.1475,STARLINK-1122,SpaceX,Starlink
322.5380087616768,53.0416,STARLINK-1080,SpaceX,Starlink
363.8121246995661,53.1408,STARLINK-1090,SpaceX,Starlink
345.39094587855107,53.1467,STARLINK-1132,SpaceX,Starlink
365.69265300242614,53.1499,STARLINK-1131,SpaceX,Starlink
357.54680533037117,53.0188,STARLINK-1134,SpaceX,Starlink
432.6714730169915,53.1527,STARLINK-1156,SpaceX,Starlink
328.43094893330044,53.0375,STARLINK-1166,SpaceX,Starlink
418.41554577671195,53.1503,STARLINK-1169,SpaceX,Starlink
238.27953400346905,53.0249,STARLINK-1171,SpaceX,Starlink
433.19580676649684,53.1536,STARLINK-1133,SpaceX,Starlink
425.77545551596904,53.1538,STARLINK-1167,SpaceX,Starlink
430.9174264675157,53.1542,STARLINK-1168,SpaceX,Starlink
421.5371033634751,53.1494,STARLINK-1172,SpaceX,Starlink
422.8516556560676,53.1535,STARLINK-1153,SpaceX,Starlink
390.88828745607316,53.1535,STARLINK-1185,SpaceX,Starlink
433.521004598505,53.155,STARLINK-1183,SpaceX,Starlink
380.5470384226751,53.0266,STARLINK-1152,SpaceX,Starlink
509.20508346633414,53.0495,STARLINK-1184,SpaceX,Starlink
323.6269131725703,53.0391,STARLINK-1193,SpaceX,Starlink
434.15380711554917,53.1514,STARLINK-1202,SpaceX,Starlink
417.9702902586314,53.1508,STARLINK-1216,SpaceX,Starlink
433.97406448226775,53.1513,STARLINK-1225,SpaceX,Starlink
433.1667835815347,53.151,STARLINK-1230,SpaceX,Starlink
433.3751393301218,53.1508,STARLINK-1269,SpaceX,Starlink
348.59980693095804,53.0361,STARLINK-1154,SpaceX,Starlink
433.0587939394586,53.1511,STARLINK-1199,SpaceX,Starlink
305.0307424430048,53.0271,STARLINK-1209,SpaceX,Starlink
461.53811123030846,53.0346,STARLINK-1231,SpaceX,Starlink
431.95578890074694,53.1511,STARLINK-1271,SpaceX,Starlink
404.52793613536096,53.1476,STARLINK-1191,SpaceX,Starlink
311.13972723921233,53.035,STARLINK-1212,SpaceX,Starlink
431.98625691004736,53.1501,STARLINK-1215,SpaceX,Starlink
412.8183912052273,53.0624,STARLINK-1221,SpaceX,Starlink
373.034557807739,53.0495,STARLINK-1222,SpaceX,Starlink
396.59266232898426,53.1477,STARLINK-1226,SpaceX,Starlink
396.3381648759564,53.1451,STARLINK-1227,SpaceX,Starlink
432.7140431095777,53.1501,STARLINK-1246,SpaceX,Starlink
318.4125836160674,53.0349,STARLINK-1270,SpaceX,Starlink
435.77447314780875,53.149,STARLINK-1262,SpaceX,Starlink
358.2730003548231,53.0369,STARLINK-1273,SpaceX,Starlink
509.1551805827771,53.0714,STARLINK-1276,SpaceX,Starlink
325.670030700438,53.0373,STARLINK-1277,SpaceX,Starlink
432.8999911694582,53.1517,STARLINK-1281,SpaceX,Starlink
429.4436287991434,53.153,STARLINK-1300,SpaceX,Starlink
328.12556425089224,53.0388,STARLINK-1302,SpaceX,Starlink
342.4573693596694,53.0335,STARLINK-1304,SpaceX,Starlink
275.6195922352863,53.0272,STARLINK-1305,SpaceX,Starlink
335.48478455981285,53.0396,STARLINK-1266,SpaceX,Starlink
308.52008063632866,53.0368,STARLINK-1267,SpaceX,Starlink
234.86913595618898,53.024,STARLINK-1272,SpaceX,Starlink
303.1121784222396,53.0065,STARLINK-1274,SpaceX,Starlink
293.6981827295599,53.0256,STARLINK-1283,SpaceX,Starlink
306.75220166511554,53.036,STARLINK-1284,SpaceX,Starlink
279.16965385195,53.0309,STARLINK-1297,SpaceX,Starlink
374.08307076733854,53.0479,STARLINK-1307,SpaceX,Starlink
335.50442356673557,53.0296,STARLINK-1255,SpaceX,Starlink
423.17277567556084,53.15,STARLINK-1260,SpaceX,Starlink
431.97737539283617,53.1516,STARLINK-1263,SpaceX,Starlink
417.7204959255214,53.1488,STARLINK-1265,SpaceX,Starlink
238.53414683779056,53.0253,STARLINK-1278,SpaceX,Starlink
421.6482966654744,53.1497,STARLINK-1296,SpaceX,Starlink
291.5829513867279,53.0495,STARLINK-1309,SpaceX,Starlink
417.7335293260844,53.1495,STARLINK-1316,SpaceX,Starlink
327.00078888191865,53.0375,STARLINK-1286,SpaceX,Starlink
335.40463904889293,53.0407,STARLINK-1308,SpaceX,Starlink
242.88130471500426,53.0267,STARLINK-1329,SpaceX,Starlink
301.523901028143,53.0335,STARLINK-1338,SpaceX,Starlink
434.57645431279116,53.0674,STARLINK-1350,SpaceX,Starlink
425.375477457359,53.1518,STARLINK-1362,SpaceX,Starlink
423.4316203058179,53.1511,STARLINK-1368,SpaceX,Starlink
321.2696338355945,53.0356,STARLINK-1371,SpaceX,Starlink
423.4679785893695,53.1518,STARLINK-1372,SpaceX,Starlink
311.856238062036,53.0344,STARLINK-1373,SpaceX,Starlink
298.83945083244544,53.0292,STARLINK-1327,SpaceX,Starlink
340.5743149278387,53.0381,STARLINK-1356,SpaceX,Starlink
310.7121224955263,53.0335,STARLINK-1357,SpaceX,Starlink
321.05952855802707,53.0338,STARLINK-1361,SpaceX,Starlink
421.63541429966926,53.1516,STARLINK-1376,SpaceX,Starlink
318.4022671110529,53.0311,STARLINK-1321,SpaceX,Starlink
319.70529876982346,53.0383,STARLINK-1331,SpaceX,Starlink
430.07749060711194,53.152,STARLINK-1333,SpaceX,Starlink
422.686854113183,53.1476,STARLINK-1335,SpaceX,Starlink
255.59347499175647,53.0305,STARLINK-1337,SpaceX,Starlink
315.92553718131285,53.0306,STARLINK-1347,SpaceX,Starlink
314.6619320742211,53.0316,STARLINK-1364,SpaceX,Starlink
339.30014634234203,53.0369,STARLINK-1365,SpaceX,Starlink
442.4441731147772,53.1291,STARLINK-1443,SpaceX,Starlink
404.25466778338523,53.0173,STARLINK-1446,SpaceX,Starlink
234.85267969887082,53.0273,STARLINK-1448,SpaceX,Starlink
508.7521817237084,53.0488,STARLINK-1451,SpaceX,Starlink
351.02664571251125,53.0161,STARLINK-1452,SpaceX,Starlink
194.3772493368574,53.0184,STARLINK-1453,SpaceX,Starlink
285.80001894183306,53.0319,STARLINK-1454,SpaceX,Starlink
319.38583892150973,53.0357,STARLINK-1456,SpaceX,Starlink
333.9061705244385,53.0377,STARLINK-1458,SpaceX,Starlink
430.9170709931104,53.1516,STARLINK-1460,SpaceX,Starlink
420.36538379372905,53.1475,STARLINK-1392,SpaceX,Starlink
328.1089204511677,53.0301,STARLINK-1394,SpaceX,Starlink
342.5519482564514,53.0333,STARLINK-1402,SpaceX,Starlink
396.4923793451999,53.1498,STARLINK-1404,SpaceX,Starlink
432.6925889462118,53.1524,STARLINK-1413,SpaceX,Starlink
500.26517237470125,53.0391,STARLINK-1417,SpaceX,Starlink
302.0802392746141,53.0337,STARLINK-1420,SpaceX,Starlink
425.47261368607815,53.1515,STARLINK-1422,SpaceX,Starlink
331.4311879620991,53.0325,STARLINK-1351,SpaceX,Starlink
304.25294273627014,53.035,STARLINK-1400,SpaceX,Starlink
435.78969168627646,53.15,STARLINK-1403,SpaceX,Starlink
244.5134833647312,53.015,STARLINK-1407,SpaceX,Starlink
312.81720009623723,53.0363,STARLINK-1423,SpaceX,Starlink
229.3407353360235,53.0303,STARLINK-1433,SpaceX,Starlink
435.15753023467005,53.0445,STARLINK-1434,SpaceX,Starlink
313.8886838405747,53.0377,STARLINK-1465,SpaceX,Starlink
379.49139080158693,53.0394,STARLINK-1471,SpaceX,Starlink
334.12282883462376,53.045,STARLINK-1480,SpaceX,Starlink
432.6988534974148,53.0334,STARLINK-1500,SpaceX,Starlink
365.82926866965863,53.016,STARLINK-1504,SpaceX,Starlink
469.5742127305516,53.0739,STARLINK-1506,SpaceX,Starlink
348.59158521967083,53.0409,STARLINK-1464,SpaceX,Starlink
492.4942292052242,53.0194,STARLINK-1477,SpaceX,Starlink
296.05007549266384,53.0356,STARLINK-1478,SpaceX,Starlink
334.48443168617496,53.0381,STARLINK-1493,SpaceX,Starlink
336.3514282281235,53.0364,STARLINK-1502,SpaceX,Starlink
434.7671042619604,53.0398,STARLINK-1470,SpaceX,Starlink
424.99682556871994,53.1531,STARLINK-1482,SpaceX,Starlink
306.5578381248424,53.0351,STARLINK-1496,SpaceX,Starlink
456.53352412957247,53.1561,STARLINK-1513,SpaceX,Starlink
513.4548492512326,53.0609,STARLINK-1522,SpaceX,Starlink
450.04114997472243,53.1572,STARLINK-1523,SpaceX,Starlink
470.7125378515466,53.1587,STARLINK-1526,SpaceX,Starlink
470.7587365096033,53.1581,STARLINK-1555,SpaceX,Starlink
470.6869139995006,53.1594,STARLINK-1556,SpaceX,Starlink
470.7353866839708,53.16,STARLINK-1557,SpaceX,Starlink
470.70452515544457,53.16,STARLINK-1558,SpaceX,Starlink
470.7530816184667,53.1596,STARLINK-1560,SpaceX,Starlink
470.7217787132031,53.1595,STARLINK-1569,SpaceX,Starlink
470.7291922915256,53.1601,STARLINK-1582,SpaceX,Starlink
470.7389638178465,53.1601,STARLINK-1591,SpaceX,Starlink
470.7259490348483,53.1601,STARLINK-1524,SpaceX,Starlink
470.7142697655022,53.1592,STARLINK-1527,SpaceX,Starlink
471.13000252134043,53.1602,STARLINK-1540,SpaceX,Starlink
470.6372557996274,53.1586,STARLINK-1543,SpaceX,Starlink
470.74074940558603,53.1587,STARLINK-1548,SpaceX,Starlink
470.74470214652683,53.1602,STARLINK-1554,SpaceX,Starlink
470.6712375427596,53.1585,STARLINK-1564,SpaceX,Starlink
470.7284619622501,53.1606,STARLINK-1570,SpaceX,Starlink
470.72650050745006,53.159,STARLINK-1572,SpaceX,Starlink
470.73797414367436,53.1598,STARLINK-1573,SpaceX,Starlink
470.7651485800434,53.1614,STARLINK-1577,SpaceX,Starlink
470.7344357633351,53.1579,STARLINK-1583,SpaceX,Starlink
358.7315463994273,53.0408,STARLINK-1525,SpaceX,Starlink
470.7215432198914,53.16,STARLINK-1536,SpaceX,Starlink
470.6382782266255,53.1592,STARLINK-1542,SpaceX,Starlink
444.57915419062556,53.0459,STARLINK-1549,SpaceX,Starlink
470.7271026560393,53.1595,STARLINK-1551,SpaceX,Starlink
470.76550033515514,53.1586,STARLINK-1552,SpaceX,Starlink
419.498020989362,53.018,STARLINK-1559,SpaceX,Starlink
470.7017976247307,53.1603,STARLINK-1566,SpaceX,Starlink
373.70839979100356,53.0518,STARLINK-1568,SpaceX,Starlink
470.73167243157286,53.159,STARLINK-1578,SpaceX,Starlink
470.745602394506,53.1575,STARLINK-1579,SpaceX,Starlink
331.4708231184459,53.0286,STARLINK-1596,SpaceX,Starlink
424.9489880946972,53.1523,STARLINK-1608,SpaceX,Starlink
296.78867084178046,53.0351,STARLINK-1641,SpaceX,Starlink
418.1152766372534,53.148,STARLINK-1762,SpaceX,Starlink
424.6946888320035,53.0331,STARLINK-1553,SpaceX,Starlink
418.8625881744101,53.1485,STARLINK-1661,SpaceX,Starlink
343.14738294015797,53.0319,STARLINK-1771,SpaceX,Starlink
243.80128104474807,53.0251,STARLINK-1672,SpaceX,Starlink
357.05115926458484,53.0361,STARLINK-1664,SpaceX,Starlink
317.54410177821137,53.0134,STARLINK-1730,SpaceX,Starlink
231.32062798998595,53.0212,STARLINK-1797,SpaceX,Starlink
417.17842847189513,53.1522,STARLINK-1802,SpaceX,Starlink
447.53648430238854,53.0549,STARLINK-1807,SpaceX,Starlink
277.31158736220686,53.0249,STARLINK-1810,SpaceX,Starlink
350.70215756988546,53.0339,STARLINK-1821,SpaceX,Starlink
234.40635710154538,53.0335,STARLINK-1828,SpaceX,Starlink
485.01504914808083,53.0937,STARLINK-1812,SpaceX,Starlink
238.8923362146611,53.0319,STARLINK-1856,SpaceX,Starlink
426.43029666277835,53.1525,STARLINK-1871,SpaceX,Starlink
433.15013897885046,53.1533,STARLINK-1913,SpaceX,Starlink
460.9764849272142,53.156,STARLINK-2017,SpaceX,Starlink
470.7577229805497,53.1601,STARLINK-2034,SpaceX,Starlink
470.6957970667163,53.158,STARLINK-2045,SpaceX,Starlink
462.0346042140304,53.1565,STARLINK-2046,SpaceX,Starlink
