satname,norad_id,inclination_deg,eccentricity,mean_motion_rev_per_day,perigee_km,apogee_km,l1,l2
STARLINK-1008,44714,53.1458,0.0002841,15.65866755,368.8297766377018,372.66449260299305,1 44714U 19074B   26275.51656220  .00027183  00000+0  26695-3 0  9991,2 44714  53.1458 268.1199 0002841  87.2680 272.8661 15.65866755380951
STARLINK-1012,44718,53.1483,0.0005834,15.66145257,366.0101920950465,373.8838565346168,1 44718U 19074F   26275.94959774  .00032545  00000+0  31464-3 0  9990,2 44718  53.1483 266.1958 0005834  40.2153 319.9294 15.66145257381014
STARLINK-1017,44723,53.0437,0.0005536,15.40256678,441.5736571794314,449.1286232482753,1 44723U 19074L   26275.74736479  .00025951  00000+0  64271-3 0  9994,2 44723  53.0437 283.9189 0005536  35.0143 325.1224 15.40256678380711
STARLINK-1020,44725,53.1495,0.0004119,15.70589872,354.43577962463223,359.98435854014224,1 44725U 19074N   26275.28220526  .00033350  00000+0  26897-3 0  9990,2 44725  53.1495 289.3170 0004119  45.1421 314.9931 15.70589872380613
STARLINK-1036,44741,53.0324,0.0005201,15.96515068,280.6311179916711,287.561172909569,1 44741U 19074AE  26276.00003472  .00169743  22600-4  39972-3 0  9997,2 44741  53.0324 237.5679 0005201  68.1924 181.9189 15.96515068  5992
STARLINK-1039,44744,53.0564,0.0002765,15.36230511,455.37798939024196,459.1579683435548,1 44744U 19074AH  26275.51317032  .00022821  00000+0  64574-3 0  9991,2 44744  53.0564 333.3718 0002765  49.3004 310.8238 15.36230511380009
STARLINK-1042,44747,53.0389,0.0006111,15.62102863,377.45289274710467,385.71462345765667,1 44747U 19074AL  26275.44330915  .00070159  00000+0  78448-3 0  9993,2 44747  53.0389 174.5959 0006111  89.5657 270.6056 15.62102863382244
STARLINK-1043,44748,53.0437,0.0003152,15.75057923,342.34739525676105,346.5853244148011,1 44748U 19074AM  26275.59139801  .00044011  00000+0  29198-3 0  9997,2 44748  53.0437 260.8104 0003152  48.0904 312.0383 15.75057923381026
STARLINK-1046,44751,53.041,0.000467,15.72503133,348.60285105583534,354.88856150349966,1 44751U 19074AQ  26275.64219335  .00038417  00000+0  28503-3 0  9990,2 44751  53.0410 285.9726 0004670  38.6831 321.4521 15.72503133380673
STARLINK-1047,44752,53.0655,0.0003647,15.39389669,445.42350480292316,450.4024256475577,1 44752U 19074AR  26275.95753661  .00032209  00000+0  81779-3 0  9997,2 44752  53.0655 253.6647 0003647  91.1888 268.9533 15.39389669381182
STARLINK-1048,44753,53.0385,0.0007094,15.81905433,320.2972437118751,329.8077289550847,1 44753U 19074AS  26275.49580093  .00068282  00000+0  33008-3 0  9996,2 44753  53.0385 228.6771 0007094  76.4590 283.7221 15.81905433381458
STARLINK-1063,44768,53.148,0.000331,15.64136086,373.4889788595792,377.9600351772251,1 44768U 19074BH  26275.92065083  .00069612  00000+0  71947-3 0  9999,2 44768  53.1480 308.7533 0003310  16.0154 344.0965 15.64136086380434
STARLINK-1114,44927,53.0345,0.0001391,15.86457646,311.2928738576102,313.15413214954424,1 44927U 20001P   26275.84375689  .00096212  00000+0  37280-3 0  9993,2 44927  53.0345  27.3728 0001391 299.9152  60.1733 15.86457646372608
STARLINK-1123,44930,53.1374,0.0001872,15.7325642,348.33789066262125,350.85675439297574,1 44930U 20001S   26275.94604879  .00044561  00000+0  31943-3 0  9994,2 44930  53.1374  64.0212 0001872 315.9284  44.1586 15.73256420372139
STARLINK-1094,44941,53.1457,0.0002367,15.67917795,363.2641722436174,366.4563071368866,1 44941U 20001AD  26275.83756282  .00034813  00000+0  31312-3 0  9999,2 44941  53.1457  43.2886 0002367  78.5161 281.6122 15.67917795372423
STARLINK-1122,44949,53.1484,0.0001709,15.67519079,364.8510554034701,367.156202670476,1 44949U 20001AM  26275.67742212  .00030696  00000+0  28135-3 0  9991,2 44949  53.1484  44.9423 0001709  69.3255 290.7945 15.67519079372389
STARLINK-1080,44961,53.0412,0.0002023,15.83262405,319.8665753766927,322.57713596969734,1 44961U 20001AZ  26275.92387035  .00082558  00000+0  37381-3 0  9998,2 44961  53.0412 348.9986 0002023  33.2932 326.8217 15.83262405373151
STARLINK-1090,44968,53.1415,0.000149,15.68552986,362.0352813146037,364.04415197616254,1 44968U 20001BG  26276.00003472 -.00094648  00000+0 -82378-3 0  9996,2 44968  53.1415  34.2083 0001490  75.7694 232.8645 15.68552986  5868
STARLINK-1132,45044,53.1466,0.0004066,15.74994053,341.9146199185443,347.38158876539546,1 45044U 20006A   26275.77841089  .00042567  00000+0  28335-3 0  9998,2 45044  53.1466 328.9196 0004066  11.6948 348.4166 15.74994053369239
STARLINK-1131,45047,53.1506,5.77e-05,15.67813894,364.76905954569247,365.5472358057341,1 45047U 20006D   26275.55511343  .00029879  00000+0  27078-3 0  9998,2 45047  53.1506   7.4847 0000577 185.0274 175.0738 15.67813894368671
STARLINK-1134,45048,53.0191,0.0005409,15.70713459,353.2138055835767,360.4997218371582,1 45048U 20006E   26275.81623378  .00033483  00000+0  26852-3 0  9995,2 45048  53.0191 310.9659 0005409  88.6515 271.5121 15.70713459369443
STARLINK-1156,45054,53.1541,0.0001915,15.44663177,431.063728003498,433.67215139540167,1 45054U 20006L   26274.59305860  .00027441  00000+0  58636-3 0  9991,2 45054  53.1541  35.6216 0001915 347.6090  12.4869 15.44663177368198
STARLINK-1166,45060,53.0366,0.0006273,15.8111853,323.0700587033616,331.4826703104727,1 45060U 20006S   26275.79826121  .00068052  00000+0  34130-3 0  9995,2 45060  53.0366 338.9306 0006273   6.3126 353.7973 15.81118530369051
STARLINK-1169,45061,53.1504,0.0003218,15.49603424,415.6983583909223,420.0722783550282,1 45061U 20006T   26274.65015538  .00044258  00000+0  79100-3 0  9990,2 45061  53.1504  30.5822 0003218 317.0424  43.0333 15.49603424368271
STARLINK-1171,45062,53.0224,0.0002434,16.18203691,222.82647310257653,226.04060444085098,1 45062U 20006U   26276.05359762  .00905325  56501-3  53060-3 0  9996,2 45062  53.0224 289.9909 0002434  73.1346 286.9958 16.18203691369752
STARLINK-1133,45064,53.1522,0.0003077,15.44576212,430.52790297783486,434.71924503507853,1 45064U 20006W   26275.54411029  .00028801  00000+0  61664-3 0  9999,2 45064  53.1522   7.9789 0003077 356.6847   3.4139 15.44576212368672
STARLINK-1167,45071,53.1522,0.0002275,15.47125343,423.5925769247233,426.68806810646765,1 45071U 20006AD  26275.53258860  .00031751  00000+0  62204-3 0  9997,2 45071  53.1522   4.7949 0002275 302.1720  57.9067 15.47125343368715
STARLINK-1168,45072,53.1525,0.0002823,15.45354609,428.41429101067934,432.25835504886163,1 45072U 20006AE  26275.54604545  .00031144  00000+0  64851-3 0  9990,2 45072  53.1525   7.7005 0002823 358.2913   1.8084 15.45354609368679
STARLINK-1172,45074,53.1504,0.0001855,15.48564422,419.66359200768784,422.1860439421562,1 45074U 20006AG  26275.47340310  .00035156  00000+0  65409-3 0  9998,2 45074  53.1504   3.4872 0001855 339.9101  20.1835 15.48564422368725
STARLINK-1153,45080,53.1536,0.0004292,15.48163311,419.18047749657217,425.0178001981585,1 45080U 20006AN  26275.95071643  .00033543  00000+0  63324-3 0  9990,2 45080  53.1536   2.5384 0004292 321.4986  38.5716 15.48163311368789
STARLINK-1185,45087,53.1535,0.0004079,15.59207196,387.189634905355,392.71104055547494,1 45087U 20006AV  26275.86708636  .00043510  00000+0  54809-3 0  9999,2 45087  53.1535 334.8214 0004079  21.2354 338.8828 15.59207196369160
STARLINK-1183,45088,53.1536,0.0002414,15.44484791,431.24815014488377,434.5365151066744,1 45088U 20006AW  26275.83566296  .00032051  00000+0  68708-3 0  9992,2 45088  53.1536 351.5103 0002414  16.1404 343.9680 15.44484791368923
STARLINK-1152,45096,53.026,0.0003151,15.6279633,377.4545704320726,381.7132861610844,1 45096U 20006BE  26275.76202926  .00055860  00000+0  61058-3 0  9994,2 45096  53.0260 291.6181 0003151  62.2444 297.8889 15.62796330369711
STARLINK-1184,45098,53.0511,0.0003412,15.18971004,506.5993293973306,511.29907702240143,1 45098U 20006BG  26275.57584401  .00013004  00000+0  62825-3 0  9993,2 45098  53.0511  24.4971 0003412  55.2141 304.9174 15.18971004368391
STARLINK-1193,45100,53.0389,0.0006527,15.82855467,317.99661574437323,326.74345763006477,1 45100U 20006BJ  26275.74799522  .00076608  00000+0  35361-3 0  9992,2 45100  53.0389 287.5485 0006527  14.5849 345.5360 15.82855467369768
STARLINK-1202,45183,53.1506,0.000263,15.44277963,431.7090008919804,435.29192219675224,1 45183U 20012F   26275.92181359  .00030377  00000+0  65638-3 0  9996,2 45183  53.1506 147.9552 0002630 141.6650 218.4544 15.44277963366809
STARLINK-1216,45185,53.151,0.0001039,15.50233773,415.33703310014334,416.7488636934204,1 45185U 20012H   26276.00003472  .00036745  00000+0  64432-3 0  9993,2 45185  53.1510 145.4574 0001039  88.2456  29.0285 15.50233773  5867
STARLINK-1225,45187,53.151,0.0001561,15.44357075,432.20457505513696,434.331095644734,1 45187U 20012K   26275.94482805  .00034739  00000+0  74693-3 0  9999,2 45187  53.1510 147.9580 0001561 139.4219 220.6904 15.44357075366793
STARLINK-1230,45189,53.1496,0.0002122,15.4461979,431.05025692068557,433.940689342282,1 45189U 20012M   26275.37233033  .00021334  00000+0  45887-3 0  9995,2 45189  53.1496 150.7255 0002122 141.9364 218.1793 15.44619790363938
STARLINK-1269,45197,53.1504,0.0003336,15.44538401,430.4626204149481,435.0068340313519,1 45197U 20012V   26275.37073151  .00025077  00000+0  53901-3 0  9991,2 45197  53.1504 150.6143 0003336 118.0275 242.1070 15.44538401366685
STARLINK-1154,45198,53.0367,0.0001548,15.73889037,346.7532409507312,348.8355893168573,1 45198U 20012W   26275.83201939  .00046011  00000+0  32080-3 0  9996,2 45198  53.0367  77.3921 0001548  22.3506 337.7579 15.73889037367679
STARLINK-1199,45201,53.1508,0.0001328,15.4464111,431.52835987987237,433.3372472196952,1 45201U 20012Z   26275.91870719  .00020597  00000+0  44306-3 0  9993,2 45201  53.1508 132.2234 0001328 138.7887 221.3221 15.44641110367016
STARLINK-1209,45206,53.0282,0.0002956,15.89908299,300.564919936719,304.5145360182996,1 45206U 20012AE  26276.00003472  .00079277  00000+0  25974-3 0  9992,2 45206  53.0282  28.6234 0002956 300.8311 119.5804 15.89908299  5814
STARLINK-1231,45212,53.0342,0.0003681,15.3494891,458.55473729465757,463.5897631446687,1 45212U 20012AL  26275.89077534  .00023711  00000+0  69831-3 0  9997,2 45212  53.0342 133.1418 0003681  93.9264 266.2158 15.34948910366914
STARLINK-1271,45217,53.1508,0.0001509,15.45051171,430.20018730030733,432.25525357293463,1 45217U 20012AR  26275.89437453  .00033513  00000+0  70425-3 0  9994,2 45217  53.1508 132.2242 0001509 166.1207 193.9842 15.45051171367010
STARLINK-1191,45222,53.1492,0.0001846,15.54484388,402.3999458696344,404.903782318258,1 45222U 20012AW  26275.95347320  .00049012  00000+0  73444-3 0  9995,2 45222  53.1492 100.0636 0001846 258.8692 101.2112 15.54484388367471
STARLINK-1212,45223,53.0347,0.0001321,15.87530645,308.3251249401692,310.09192162742056,1 45223U 20012AX  26275.83891016  .00111811  00000+0  40987-3 0  9992,2 45223  53.0347  46.1054 0001321 275.4075  84.6798 15.87530645368178
STARLINK-1215,45225,53.1504,0.000169,15.4497957,430.28728412336386,432.58892050794657,1 45225U 20012AZ  26275.82972800  .00034826  00000+0  73315-3 0  9995,2 45225  53.1504 106.7981 0001690 179.7412 180.3596 15.44979570367321
STARLINK-1221,45227,53.0619,0.0002216,15.51433562,411.03486555941254,414.0444934637726,1 45227U 20012BB  26275.83334769  .00023203  00000+0  39338-3 0  9998,2 45227  53.0619   1.8074 0002216 307.9347  52.1461 15.51433562368753
STARLINK-1222,45228,53.0494,0.0001743,15.65212504,371.45101189195066,373.8043284559735,1 45228U 20012BC  26275.13373516  .00027670  00000+0  27877-3 0  9992,2 45228  53.0494  61.9519 0001743 166.9660 193.1399 15.65212504367785
STARLINK-1226,45229,53.1484,0.0001464,15.5723895,394.6603944923163,396.6437599341234,1 45229U 20012BD  26275.90749636  .00051194  00000+0  69263-3 0  9991,2 45229  53.1484  93.6788 0001464 222.1458 137.9442 15.57238950367459
STARLINK-1227,45230,53.1467,0.0002449,15.57304046,393.80445625627544,397.12216568859003,1 45230U 20012BE  26275.78371987  .00047213  00000+0  63801-3 0  9998,2 45230  53.1467  94.3026 0002449 210.4924 149.5946 15.57304046367556
STARLINK-1246,45235,53.151,0.0003396,15.44846494,429.5164919838371,434.14182099732534,1 45235U 20012BK  26275.94101003  .00030080  00000+0  63764-3 0  9993,2 45235  53.1510 147.3278 0003396 160.1639 199.9501 15.44846494366834
STARLINK-1270,45237,53.0359,0.0001038,15.84804546,316.1802019081206,317.5700864292503,1 45237U 20012BM  26275.66810417  .00088792  00000+0  37319-3 0  9990,2 45237  53.0359  49.8732 0001038 241.4992 118.5926 15.84804546368109
STARLINK-1262,45366,53.1495,0.0003594,15.43691246,432.77758059908956,437.67502614155273,1 45366U 20019G   26275.73592644  .00030977  00000+0  68241-3 0  9997,2 45366  53.1495 275.6402 0003594  64.9220 295.2160 15.43691246361560
STARLINK-1273,45367,53.0366,0.0003374,15.70455687,355.3210884986074,359.86635959119303,1 45367U 20019H   26275.59812040  .00036433  00000+0  29492-3 0  9995,2 45367  53.0366 228.9816 0003374  77.8801 282.2593 15.70455687362161
STARLINK-1276,45368,53.072,0.0002473,15.1894217,507.3331630940793,510.7395590384631,1 45368U 20019J   26275.37199327  .00007817  00000+0  38430-3 0  9994,2 45368  53.0720 306.7987 0002473  45.8406 314.2792 15.18942170361060
STARLINK-1277,45369,53.0367,0.0004715,15.82138695,321.2333722099438,327.5538585802615,1 45369U 20019K   26275.13429069  .00078574  00000+0  37512-3 0  9996,2 45369  53.0367 217.5544 0004715  71.7957 288.3577 15.82138695362283
STARLINK-1281,45370,53.1518,0.0004921,15.4470718,428.8872158374634,435.58998750462706,1 45370U 20019L   26275.35582528  .00035316  00000+0  74998-3 0  9998,2 45370  53.1518 276.3597 0004921  73.8411 286.3137 15.44707180361527
STARLINK-1300,45374,53.1526,0.0004094,15.45860744,426.0633393285252,431.63690038226196,1 45374U 20019Q   26275.69491071  .00032187  00000+0  65831-3 0  9990,2 45374  53.1526 273.9925 0004094  66.1173 294.0263 15.45860744361588
STARLINK-1302,45375,53.0389,0.0007215,15.81316444,321.87931116328673,331.554415287922,1 45375U 20019R   26275.87708294  .00082685  00000+0  40931-3 0  9991,2 45375  53.0389 209.8057 0007215  86.7806 273.4040 15.81316444362452
STARLINK-1304,45376,53.0331,0.0005413,15.76082901,337.91405799833865,345.1887926876152,1 45376U 20019S   26275.56990276  .00050065  00000+0  31669-3 0  9996,2 45376  53.0331 216.3783 0005413  90.5414 269.6226 15.76082901362337
STARLINK-1305,45377,53.0281,0.0005021,16.00657193,269.25831866786575,275.93698640594357,1 45377U 20019T   26275.00241436  .00272148  42456-4  50383-3 0  9991,2 45377  53.0281 186.4495 0005021 142.2685 217.8698 16.00657193362707
STARLINK-1266,45383,53.0396,0.000196,15.78553591,333.22231602102784,335.85368462115366,1 45383U 20019Z   26275.28162723  .00059740  00000+0  33782-3 0  9998,2 45383  53.0396 200.7640 0001960  95.0936 265.0308 15.78553591362529
STARLINK-1267,45384,53.0363,0.0004805,15.88532941,303.1833579281747,309.60719344511017,1 45384U 20019AA  26275.48291991  .00110698  00000+0  38594-3 0  9997,2 45384  53.0363 186.2986 0004805 109.2532 250.9013 15.88532941362743
STARLINK-1272,45386,53.0223,0.000626,16.19814174,215.92598717270266,224.1869253799614,1 45386U 20019AC  26276.08612605  .01047599  11807-4  53468-3 0  9994,2 45386  53.0223 154.6776 0006260 246.1049 113.9332 16.19814174363230
STARLINK-1274,45387,53.0077,0.0005894,15.90738526,296.2788173462677,304.1512587287061,1 45387U 20019AD  26276.00003472  .00116825  16128-4  37688-3 0  9998,2 45387  53.0077 163.3114 0005894 139.3733 124.0550 15.90738526  6026
STARLINK-1283,45389,53.0247,0.0003931,15.94108752,288.1773530552009,293.42047046902735,1 45389U 20019AF  26276.00003472  .00173277  22661-4  46481-3 0  9994,2 45389  53.0247 158.3503 0003931 152.0586 128.4548 15.94108752  5919
STARLINK-1284,45390,53.0344,0.0004678,15.89191231,301.4230336673145,307.675354870672,1 45390U 20019AG  26275.46431226  .00112835  00000+0  38052-3 0  9993,2 45390  53.0344 187.2466 0004678  84.9249 275.2310 15.89191231362727
STARLINK-1297,45395,53.0298,0.0004087,15.99966814,271.79175402011424,277.2296282428442,1 45395U 20019AM  26276.00003472  .00225993  32465-4  43665-3 0  9998,2 45395  53.0298 179.9785 0004087 133.6279 257.2395 15.99966814  5995
STARLINK-1307,45397,53.0474,0.000377,15.64892109,371.0036845527002,376.09445584963214,1 45397U 20019AP  26275.87211399  .00029440  00000+0  29991-3 0  9993,2 45397  53.0474 205.2399 0003770  98.7824 261.3617 15.64892109362347
STARLINK-1255,45399,53.0303,0.0005352,15.78616772,330.7663636715115,337.95141927374334,1 45399U 20019AR  26275.41710047  .00059679  00000+0  33629-3 0  9999,2 45399  53.0303 165.7713 0005352 129.5986 230.5507 15.78616772362835
STARLINK-1260,45404,53.1498,0.0004307,15.48027552,419.5676784031166,425.42574428206626,1 45404U 20019AW  26275.60479587  .00035224  00000+0  66754-3 0  9993,2 45404  53.1498 235.1466 0004307  78.2545 281.8947 15.48027552361830
STARLINK-1263,45405,53.152,0.0005167,15.44907775,428.1304540699339,435.16768699522254,1 45405U 20019AX  26275.92684318  .00018964  00000+0  40496-3 0  9996,2 45405  53.1520 237.3449 0005167  82.1702 277.9891 15.44907775361830
STARLINK-1265,45406,53.1484,0.0005166,15.49910524,413.4772159964223,420.49793870974463,1 45406U 20019AY  26275.85455557  .00042599  00000+0  75341-3 0  9998,2 45406  53.1484 233.2142 0005166  67.2267 292.9288 15.49910524361887
STARLINK-1278,45408,53.0236,0.0004377,16.17672988,222.98693390056542,228.76808820354017,1 45408U 20019BA  26276.02015490  .00996424  69610-3  60814-3 0  9998,2 45408  53.0236 176.5170 0004377 238.2193 121.8417 16.17672988362648
STARLINK-1296,45412,53.1489,0.0004583,15.48588316,417.73890223455055,423.9708581919549,1 45412U 20019BE  26275.91562480  .00039447  00000+0  73174-3 0  9996,2 45412  53.1489 232.8554 0004583  78.6488 281.5035 15.48588316361898
STARLINK-1309,45414,53.0483,0.0003905,15.94871932,286.06786870268115,291.27464595165293,1 45414U 20019BG  26276.00003472  .00158538  20904-4  40902-3 0  9996,2 45414  53.0483 174.3189 0003905 121.6737 135.8670 15.94871932  6049
STARLINK-1316,45415,53.1488,0.0006,15.49944012,412.81268427003306,420.96671631038134,1 45415U 20019BH  26275.90260109  .00042301  00000+0  74723-3 0  9995,2 45415  53.1488 232.3277 0006000  71.7326 288.4336 15.49944012361922
STARLINK-1286,45417,53.0353,0.000261,15.81919623,323.2628786955838,326.7619226827437,1 45417U 20019BK  26275.92343377  .00107703  00000+0  51668-3 0  9999,2 45417  53.0353 193.8183 0002610  97.4929 262.6389 15.81919623362679
STARLINK-1308,45419,53.0399,0.0007492,15.78607962,329.35484517820623,339.412886443537,1 45419U 20019BM  26275.44921391  .00060485  00000+0  34060-3 0  9998,2 45419  53.0399 215.6914 0007492  70.0605 290.1221 15.78607962362078
STARLINK-1329,45531,53.0253,0.0004321,16.14574751,231.46594344947061,237.18043154350653,1 45531U 20025A   26275.41599584  .00671810  27269-3  50999-3 0  9991,2 45531  53.0253 128.0904 0004321 274.0217  86.0324 16.14574751358072
STARLINK-1338,45532,53.0336,0.0002595,15.90985916,297.7898681572224,301.2555735523465,1 45532U 20025B   26274.93982045  .00129514  17290-4  41193-3 0  9995,2 45532  53.0336 142.4352 0002595 122.6783 237.4493 15.90985916357833
STARLINK-1350,45535,53.067,0.0002286,15.43966111,432.86029544142275,435.9749954253157,1 45535U 20025E   26275.89867517  .00007878  00000+0  17926-3 0  9991,2 45535  53.0670 135.1288 0002286 114.4899 245.6345 15.43966111358076
STARLINK-1362,45538,53.1502,0.0002838,15.47241656,422.86868993516873,426.73003661496386,1 45538U 20025H   26275.43894902 -.00030139  00000+0 -57617-3 0  9991,2 45538  53.1502 208.4862 0002838 132.0033 228.1217 15.47241656357005
STARLINK-1368,45540,53.1508,0.0004465,15.47926227,419.7568657078109,425.83009662749373,1 45540U 20025K   26275.42806193  .00035854  00000+0  68167-3 0  9997,2 45540  53.1508 208.6345 0004465 103.7025 256.4481 15.47926227356994
STARLINK-1371,45542,53.0353,0.0004801,15.83866835,316.30181201360756,322.73289972611474,1 45542U 20025M   26275.92774795  .00084680  00000+0  37224-3 0  9997,2 45542  53.0353 150.9012 0004801 120.9215 239.2280 15.83866835357804
STARLINK-1372,45543,53.1505,0.0004209,15.47913325,419.9687444903666,425.69379958176614,1 45543U 20025N   26275.29345113  .00037365  00000+0  71025-3 0  9991,2 45543  53.1505 208.4577 0004209 103.7866 256.3611 15.47913325356087
STARLINK-1373,45544,53.0339,0.0003758,15.87117481,307.8555145508708,312.8825957019035,1 45544U 20025P   26274.88643813  .00100591  00000+0  37694-3 0  9990,2 45544  53.0339 149.3289 0003758 117.4876 242.6530 15.87117481357730
STARLINK-1327,45555,53.0304,0.0003077,15.92028733,294.5525657056505,298.6602027843155,1 45555U 20025AA  26275.84130449  .00141085  18555-4  42424-3 0  9994,2 45555  53.0304 119.7531 0003077 145.6537 214.4688 15.92028733358229
STARLINK-1356,45564,53.037,0.0002551,15.76675559,338.1536437387749,341.5811695870543,1 45564U 20025AK  26274.87533165  .00051838  00000+0  31946-3 0  9992,2 45564  53.0370 145.4654 0002551 102.9756 257.1548 15.76675559357784
STARLINK-1357,45565,53.0342,0.0004015,15.87653816,306.17781664869017,311.5474773652368,1 45565U 20025AL  26275.86688573  .00112937  00000+0  41123-3 0  9993,2 45565  53.0342  91.4374 0004015 182.9249 177.1752 15.87653816358632
STARLINK-1361,45567,53.0339,0.0003952,15.83800997,317.0559808440603,322.349953554135,1 45567U 20025AN  26275.89564599  .00083433  00000+0  36809-3 0  9992,2 45567  53.0339 135.0911 0003952 128.3727 231.7651 15.83800997358024
STARLINK-1376,45570,53.1506,0.0004842,15.48613406,417.48940738373494,424.0734800046084,1 45570U 20025AR  26275.87773734  .00036947  00000+0  68547-3 0  9999,2 45570  53.1506 181.6435 0004842 105.3039 254.8505 15.48613406357417
STARLINK-1321,45573,53.0329,0.0002849,15.84932113,314.6085901750812,318.4232033956705,1 45573U 20025AU  26275.91941818  .00058952  00000+0  24811-3 0  9993,2 45573  53.0329 118.2800 0002849 138.9203 221.2035 15.84932113357958
STARLINK-1331,45578,53.0386,0.0003042,15.84303834,316.2486367934198,320.3227403571491,1 45578U 20025AZ  26275.90544338  .00091400  00000+0  39315-3 0  9993,2 45578  53.0386 125.6316 0003042 134.1928 225.9345 15.84303834358169
STARLINK-1333,45580,53.1502,0.0003973,15.45667406,426.7130958746184,432.122378868934,1 45580U 20025BB  26275.18738669  .00036225  00000+0  74433-3 0  9992,2 45580  53.1502 189.0045 0003973 114.9374 245.2046 15.45667406357257
STARLINK-1335,45581,53.1486,0.0006176,15.48260262,417.6156012792608,426.01490230067157,1 45581U 20025BC  26275.46994257  .00045896  00000+0  85883-3 0  9996,2 45581  53.1486 182.8600 0006176 120.9011 239.2605 15.48260262357357
STARLINK-1337,45582,53.0293,0.0004935,16.09037071,246.21544425506,252.75690833006047,1 45582U 20025BD  26275.43235958  .00456198  11434-3  50353-3 0  9992,2 45582  53.0293 107.4536 0004935 254.9944 105.0543 16.09037071358358
STARLINK-1347,45586,53.0318,0.0002454,15.85522083,313.21262108071096,316.4975415942308,1 45586U 20025BH  26274.79739201  .00105422  00000+0  42664-3 0  9994,2 45586  53.0318  90.0648 0002454 186.4533 173.6459 15.85522083358541
STARLINK-1364,45589,53.0315,0.0001559,15.86231577,311.81603301984796,313.9022856223237,1 45589U 20025BL  26275.95098729  .00097056  00000+0  38016-3 0  9998,2 45589  53.0315 120.3509 0001559 163.5204 196.5870 15.86231577358222
STARLINK-1365,45590,53.0368,0.0003331,15.77192845,336.1611392054965,340.6356951004036,1 45590U 20025BM  26275.09841537  .00061638  00000+0  37007-3 0  9994,2 45590  53.0368 164.4313 0003331 105.9946 254.1441 15.77192845357551
STARLINK-1443,45660,53.1289,0.0004326,15.41452612,438.8710401145836,444.7716680825497,1 45660U 20035D   26275.44835568  .00027175  00000+0  64659-3 0  9990,2 45660  53.1289 179.1105 0004326  95.7242 264.4256 15.41452612350489
STARLINK-1446,45663,53.0187,0.0002604,15.54403473,402.1211751597257,405.6532533705149,1 45663U 20035G   26275.22487921  .00027221  00000+0  41335-3 0  9993,2 45663  53.0187  90.0045 0002604 176.0829 184.0201 15.54403473351677
STARLINK-1448,45665,53.0254,0.0002643,16.20298753,216.99729824252518,220.4844078756514,1 45665U 20035J   26276.09892091  .01118080  11826-4  55139-3 0  9994,2 45665  53.0254 100.9469 0002643 291.5792  68.4964 16.20298753351588
STARLINK-1451,45668,53.0468,0.000262,15.19151434,506.5995980595435,510.2081454763502,1 45668U 20035M   26275.92268055  .00015404  00000+0  73737-3 0  9991,2 45668  53.0468 203.5856 0002620 104.6111 255.5174 15.19151434350157
STARLINK-1452,45669,53.0181,0.0002005,15.7305204,348.8310197235787,351.52907485954347,1 45669U 20035N   26275.91115295  .00048807  00000+0  35228-3 0  9994,2 45669  53.0181  91.4740 0002005 340.5688  19.5252 15.73052040351714
STARLINK-1454,45671,53.032,0.0002503,15.97139507,280.6924062085427,284.0266507707047,1 45671U 20035Q   26276.00003472  .00268124  40032-4  60631-3 0  9997,2 45671  53.0320 105.4866 0002503 223.3310   2.8234 15.97139507  5991
STARLINK-1456,45673,53.0357,0.0002993,15.84602355,315.44065483833674,319.44863000949135,1 45673U 20035S   26275.82554807  .00092111  00000+0  39055-3 0  9994,2 45673  53.0357 105.6628 0002993 137.7919 222.3335 15.84602355351512
STARLINK-1458,45675,53.0374,0.0003573,15.79214517,330.26719372640036,335.0627328093515,1 45675U 20035U   26275.01433949  .00084867  00000+0  46281-3 0  9998,2 45675  53.0374 129.3641 0003573 143.4881 216.6383 15.79214517351071
STARLINK-1460,45676,53.1514,0.0003069,15.45381648,428.16740973062497,432.34640191001836,1 45676U 20035V   26275.44054589  .00029671  00000+0  61780-3 0  9998,2 45676  53.1514 175.1991 0003069 110.0960 250.0377 15.45381648350509
STARLINK-1392,45677,53.147,0.0001331,15.49043269,418.6188067577996,420.4283440029658,1 45677U 20035W   26275.96642665  .00036382  00000+0  66531-3 0  9990,2 45677  53.1470 168.3208 0001331 129.9438 230.1688 15.49043269350686
STARLINK-1394,45679,53.0305,0.0002976,15.8124402,324.9261663118468,328.9170171856549,1 45679U 20035Y   26275.77306444  .00067287  00000+0  33590-3 0  9990,2 45679  53.0305  97.7313 0002976 149.4289 210.6907 15.81244020351618
STARLINK-1402,45685,53.0336,0.0002726,15.76075765,339.73991589425805,343.40350108212533,1 45685U 20035AE  26275.22725797  .00069244  00000+0  43586-3 0  9994,2 45685  53.0336  95.1802 0002726 134.6783 225.4459 15.76075765351610
STARLINK-1404,45686,53.1491,0.0004605,15.57121825,392.87226466721677,399.11123724684785,1 45686U 20035AF  26274.93447545  .00029973  00000+0  41102-3 0  9991,2 45686  53.1491 149.2711 0004605 143.3524 216.7805 15.57121825350864
STARLINK-1413,45689,53.1515,0.0003534,15.44813393,429.5197586547365,434.33311149064593,1 45689U 20035AJ  26275.96304652  .00031416  00000+0  66619-3 0  9994,2 45689  53.1515 157.7057 0003534 131.5208 228.6103 15.44813393350754
STARLINK-1417,45693,53.0375,0.0004608,15.21928924,496.8533318595255,503.19224392004526,1 45693U 20035AN  26275.48753802  .00014295  00000+0  63240-3 0  9994,2 45693  53.0375 190.0215 0004608 130.3366 229.8033 15.21928924350299
STARLINK-1420,45695,53.0352,0.0001727,15.90877109,298.673909082454,300.980477914889,1 45695U 20035AQ  26275.76306534  .00130728  17392-4  41809-3 0  9997,2 45695  53.0352  76.3101 0001727 206.8573 153.2363 15.90877109351914
STARLINK-1422,45696,53.1498,0.0005505,15.4730066,420.881494369557,428.37133689016446,1 45696U 20035AR  26275.95528432  .00036095  00000+0  70108-3 0  9991,2 45696  53.1498 156.1359 0005505 105.9882 254.1733 15.47300660350858
STARLINK-1351,45697,53.0344,0.0003129,15.80049796,328.2006152559734,332.3987549335052,1 45697U 20035AS  26275.78442817  .00068244  00000+0  35974-3 0  9998,2 45697  53.0344  81.7817 0003129 179.8308 180.2714 15.80049796351848
STARLINK-1400,45700,53.0347,7.16e-05,15.90090258,301.5517578109175,302.50835773359086,1 45700U 20035AV  26276.00003472  .00162383  00000+0  51965-3 0  9996,2 45700  53.0347  78.5836 0000716 175.0092  23.6268 15.90090258  5983
STARLINK-1403,45701,53.149,0.0002441,15.43723786,433.4674389519705,436.79367617357184,1 45701U 20035AW  26275.93198210  .00035535  00000+0  78025-3 0  9997,2 45701  53.1490 146.2309 0002441 130.6150 229.5069 15.43723786350987
STARLINK-1407,45703,53.0139,0.0009949,16.13906572,229.5676075056981,242.72871211669008,1 45703U 20035AY  26275.40703082  .00676831  27354-3  53465-3 0  9996,2 45703  53.0139 359.9666 0009949 358.8567   1.2444 16.13906572352947
STARLINK-1423,45710,53.0376,0.0002926,15.86867221,309.1149899729353,313.02951522755666,1 45710U 20035BF  26275.74327639  .00104747  00000+0  39712-3 0  9997,2 45710  53.0376  77.4758 0002926 142.6378 217.4850 15.86867221351889
STARLINK-1433,45711,53.0284,0.0004559,16.22667187,209.3155290229206,215.3247078234981,1 45711U 20035BG  26275.92639207  .01251856  11892-4  51002-3 0  9992,2 45711  53.0284  67.7908 0004559 316.4706  43.5972 16.22667187352038
STARLINK-1434,45712,53.0439,0.0003891,15.43878134,432.02558357906673,437.32731500530645,1 45712U 20035BH  26274.84357729  .00030152  00000+0  66032-3 0  9995,2 45712  53.0439 132.3230 0003891 108.1836 251.9593 15.43878134351060
STARLINK-1465,45731,53.0379,0.0005349,15.86538452,308.41777860491857,315.57488324234055,1 45731U 20038B   26275.72887862  .00100286  00000+0  38642-3 0  9995,2 45731  53.0379 282.3433 0005349  46.7449 313.4020 15.86538452348868
STARLINK-1471,45735,53.0395,0.0004033,15.63236875,375.5893697509091,381.0391233263681,1 45735U 20038F   26275.58356137  .00049685  00000+0  53481-3 0  9992,2 45735  53.0395 221.4078 0004033  91.2365 268.9111 15.63236875349720
STARLINK-1480,45741,53.0448,0.0007053,15.79090481,328.28300010833755,337.7497530613473,1 45741U 20038M   26275.72602840  .00065789  00000+0  36203-3 0  9996,2 45741  53.0448 279.9420 0007053  48.7954 311.3674 15.79090481348916
STARLINK-1500,45744,53.0337,0.0001285,15.44648676,431.53540847554723,433.2857191994535,1 45744U 20038Q   26275.78832203  .00017663  00000+0  38124-3 0  9995,2 45744  53.0337 293.7592 0001285 107.6717 252.4428 15.44648676348721
STARLINK-1504,45746,53.0147,0.0003656,15.67812796,362.69594621207943,367.6266459261651,1 45746U 20038S   26275.85197002  .00033638  00000+0  30397-3 0  9990,2 45746  53.0147 212.1222 0003656 103.2185 256.9238 15.67812796349856
STARLINK-1506,45747,53.0754,0.0002096,15.32206164,467.7963536180969,470.66677051931674,1 45747U 20038T   26275.86390650  .00016635  00000+0  53806-3 0  9994,2 45747  53.0754 319.8721 0002096 176.9661 183.1353 15.32206164348387
STARLINK-1464,45751,53.041,0.0002645,15.73921468,345.9230375254674,349.4810063680761,1 45751U 20038X   26275.72991408  .00044730  00000+0  31158-3 0  9995,2 45751  53.0410 282.2389 0002645  69.9164 290.2138 15.73921468348885
STARLINK-1477,45754,53.0189,9.05e-05,15.24540353,491.5442496212145,492.7877744663947,1 45754U 20038AA  26275.48638869  .00016429  00000+0  67093-3 0  9991,2 45754  53.0189 345.3590 0000905 247.6894 112.4007 15.24540353347973
STARLINK-1478,45755,53.0353,0.0004917,15.93243731,289.9322376995715,296.49284283747147,1 45755U 20038AB  26276.00003472  .00139363  18516-4  39308-3 0  9994,2 45755  53.0353 249.6153 0004917  58.5918 220.6086 15.93243731  5911
STARLINK-1493,45759,53.0373,0.0007542,15.7902569,328.1382675434006,338.2616482106632,1 45759U 20038AF  26275.93224211  .00077615  00000+0  42699-3 0  9997,2 45759  53.0373 266.5629 0007542  50.6875 309.4813 15.79025690349107
STARLINK-1502,45764,53.0364,0.0004297,15.78296353,332.3826057586439,338.15210546185426,1 45764U 20038AL  26275.54805347  .00061673  00000+0  35245-3 0  9991,2 45764  53.0364 273.0844 0004297  34.1588 325.9708 15.78296353348994
STARLINK-1470,45772,53.0394,0.0004603,15.44036275,431.07553617759095,437.3469839858226,1 45772U 20038AU  26275.75251315  .00029653  00000+0  64607-3 0  9999,2 45772  53.0394 281.0182 0004603  36.0265 324.1049 15.44036275348902
STARLINK-1482,45773,53.1533,0.0004647,15.47400595,421.17241144472973,427.4946275455477,1 45773U 20038AV  26275.79185997  .00028530  00000+0  55462-3 0  9998,2 45773  53.1533 296.1723 0004647  27.7322 332.3933 15.47400595348733
STARLINK-1496,45780,53.0337,0.000339,15.8967146,300.9382892702497,305.4682379689839,1 45780U 20038BC  26276.00003472  .00122660  00000+0  40326-3 0  9990,2 45780  53.0337 235.3740 0003390  56.9632 181.9888 15.89671460  5978
STARLINK-1513,45786,53.1565,0.0004284,15.36619202,453.18745006892095,459.04303739134957,1 45786U 20038BJ  26275.38421072  .00023631  00000+0  65991-3 0  9999,2 45786  53.1565 307.9295 0004284  16.6876 343.4268 15.36619202348532
STARLINK-1522,46027,53.0598,0.0002911,15.17573238,511.17140879430826,515.1835320789978,1 46027U 20055A   26275.69618246  .00013515  00000+0  67893-3 0  9995,2 46027  53.0598 267.0590 0002911  43.4491 316.6732 15.17573238340230
STARLINK-1523,46028,53.156,0.0002205,15.38881053,447.91145984452305,450.92241113007185,1 46028U 20055B   26275.88779307  .00031481  00000+0  81313-3 0  9998,2 46028  53.1560 240.6509 0002205  49.4662 310.6534 15.38881053340672
STARLINK-1526,46029,53.1594,0.000122,15.31708696,469.878513193883,471.549632855701,1 46029U 20055C   26275.65287073  .00001752  00000+0  68201-4 0  9998,2 46029  53.1594 244.2282 0001220  84.2157 275.8984 15.31708696340596
STARLINK-1555,46032,53.1596,0.0001556,15.31709322,469.6465260330542,471.77788790626346,1 46032U 20055F   26275.63889105 -.00000642  00000+0 -89183-5 0  9996,2 46032  53.1596 244.3015 0001556  86.8157 273.3023 15.31709322340591
STARLINK-1556,46033,53.1599,0.0001167,15.31689337,469.9725136034167,471.5710489129624,1 46033U 20055G   26275.88125078  .00002126  00000+0  80263-4 0  9992,2 46033  53.1599 243.1660 0001167 102.9119 257.2013 15.31689337340609
STARLINK-1557,46034,53.1601,0.0001319,15.31699493,469.83813949166597,471.6448736416978,1 46034U 20055H   26275.62957550 -.00000362  00000+0  11136-6 0  9999,2 46034  53.1601 244.3985 0001319  95.0886 265.0266 15.31699493340565
STARLINK-1558,46035,53.1604,0.0001439,15.31700708,469.75233161939104,471.72343781121253,1 46035U 20055J   26275.90457210 -.00000923  00000+0 -17967-4 0  9999,2 46035  53.1604 243.1880 0001439  96.7835 263.3330 15.31700708340638
STARLINK-1560,46036,53.1591,0.000127,15.31704458,469.85690050116864,471.59651188254065,1 46036U 20055K   26275.88591994 -.00000165  00000+0  64629-5 0  9990,2 46036  53.1591 243.2308 0001270  95.1295 264.9852 15.31704458340638
STARLINK-1569,46039,53.1602,0.000151,15.31700517,469.7042738824175,471.7726342695487,1 46039U 20055N   26275.63423064  .00000270  00000+0  20471-4 0  9990,2 46039  53.1602 244.3108 0001510  93.7373 266.3802 15.31700517340589
STARLINK-1582,46043,53.1604,0.0001352,15.31704728,469.7999350756663,471.6518676041878,1 46043U 20055S   26275.90378613 -.00000692  00000+0 -10531-4 0  9990,2 46043  53.1604 242.3566 0001352  87.7881 272.3275 15.31704728340638
STARLINK-1591,46045,53.1587,0.0001248,15.31708163,469.8609250432837,471.57039866768355,1 46045U 20055U   26275.92785350  .00001189  00000+0  50047-4 0  9990,2 46045  53.1587 242.9425 0001248  82.4031 277.7113 15.31708163340618
STARLINK-1524,46047,53.1616,0.0001487,15.31706904,469.7009898893193,471.7378397870925,1 46047U 20055W   26275.87311156  .00000532  00000+0  28899-4 0  9996,2 46047  53.1616 229.7974 0001487  93.2761 266.8410 15.31706904340812
STARLINK-1527,46048,53.1627,0.0001571,15.31702206,469.6574617194656,471.80937680519855,1 46048U 20055X   26275.60745348  .00001469  00000+0  59105-4 0  9996,2 46048  53.1627 231.0135 0001571  96.1951 263.9229 15.31702206340746
STARLINK-1540,46051,53.1608,0.0001301,15.31702667,469.84100718620175,471.62308291172303,1 46051U 20055AA  26275.85449802  .00000746  00000+0  35817-4 0  9994,2 46051  53.1608 230.0749 0001301  95.4823 264.6327 15.31702667340827
STARLINK-1543,46053,53.1587,0.000178,15.31704218,469.5083237489407,471.94651948303635,1 46053U 20055AC  26275.17399793  .00000064  00000+0  13850-4 0  9990,2 46053  53.1587 233.0565 0001780  89.8225 270.2980 15.31704218340718
STARLINK-1548,46054,53.1599,0.0001442,15.31704332,469.73947558890814,471.71468799009654,1 46054U 20055AD  26275.90574631  .00000690  00000+0  33996-4 0  9996,2 46054  53.1599 229.7202 0001442  91.2250 268.8917 15.31704332340824
STARLINK-1554,46055,53.1601,0.0001257,15.31711032,469.8462099005101,471.5680093096644,1 46055U 20055AE  26275.88709849  .00000065  00000+0  13859-4 0  9997,2 46055  53.1601 229.7564 0001257  90.6620 269.4525 15.31711032340825
STARLINK-1564,46058,53.1586,0.0001344,15.31700095,469.8192230055083,471.6602010657034,1 46058U 20055AH  26275.59399714  .00000822  00000+0  38258-4 0  9995,2 46058  53.1586 232.5442 0001344  90.9761 269.1394 15.31700095340753
STARLINK-1570,46059,53.1607,0.000141,15.31706502,469.75492424709137,471.68630209400453,1 46059U 20055AJ  26275.91504656  .00000474  00000+0  27032-4 0  9996,2 46059  53.1607 229.4999 0001410  85.0011 275.1152 15.31706502340788
STARLINK-1572,46060,53.1591,0.0001159,15.31694025,469.96401953956683,471.5515933557008,1 46060U 20055AK  26275.92491287 -.00000898  00000+0 -17175-4 0  9993,2 46060  53.1591 231.0072 0001159  97.7910 262.3223 15.31694025340773
STARLINK-1573,46061,53.16,0.0001286,15.31708858,469.83282792994305,471.5943523017222,1 46061U 20055AL  26275.90105981  .00000206  00000+0  18412-4 0  9991,2 46061  53.1600 229.5431 0001286  90.7333 269.3815 15.31708858340829
STARLINK-1577,46063,53.1606,0.0001503,15.31696209,469.72190811179644,471.7806839335808,1 46063U 20055AN  26275.86377559  .00000108  00000+0  15253-4 0  9991,2 46063  53.1606 229.7000 0001503  93.8633 266.2541 15.31696209340817
STARLINK-1583,46064,53.1602,0.0001352,15.31710377,469.78309811566487,471.6350260908566,1 46064U 20055AP  26275.87782196  .00001557  00000+0  61899-4 0  9996,2 46064  53.1602 230.1413 0001352  90.1632 269.9525 15.31710377340803
STARLINK-1525,46066,53.0387,0.000952,15.71828826,347.26161300294643,360.078974089859,1 46066U 20055AR  26275.91452783  .00149209  00000+0  11089-2 0  9990,2 46066  53.0387 191.2106 0009520 141.6188 218.5508 15.71828826341314
STARLINK-1536,46070,53.1611,0.0001439,15.31708929,469.72782890111375,471.6989280400385,1 46070U 20055AV  26275.87911222  .00001167  00000+0  49353-4 0  9995,2 46070  53.1611 217.5189 0001439  87.5906 272.5261 15.31708929340985
STARLINK-1542,46073,53.1597,0.0001334,15.31701059,469.8231986335286,471.65047817361483,1 46073U 20055AY  26275.57723316  .00004157  00000+0  14566-3 0  9999,2 46073  53.1597 221.8942 0001334  87.1342 272.9812 15.31701059340882
STARLINK-1549,46074,53.045,0.0004415,15.40729101,440.94428909201997,446.96819742581647,1 46074U 20055AZ  26275.54198520  .00028230  00000+0  68742-3 0  9993,2 46074  53.0450 214.3282 0004415  71.5639 288.5845 15.40729101340958
STARLINK-1551,46075,53.16,0.000139,15.31710974,469.7552931427326,471.65927185326564,1 46075U 20055BA  26275.87011812  .00000884  00000+0  40256-4 0  9994,2 46075  53.1600 217.5032 0001390  83.8695 276.2465 15.31710974340974
STARLINK-1552,46076,53.1576,0.0001115,15.31702322,469.96942446002595,471.4967224864113,1 46076U 20055BB  26275.07308925  .00003679  00000+0  13026-3 0  9990,2 46076  53.1576 220.7914 0001115  90.2830 269.8299 15.31702322340847
STARLINK-1559,46077,53.0166,0.0003086,15.49324097,416.60462397548054,420.79963308561037,1 46077U 20055BC  26275.45604994  .00042792  00000+0  77266-3 0  9993,2 46077  53.0166 176.7055 0003086  99.4794 260.6562 15.49324097341433
STARLINK-1566,46079,53.1601,0.0001313,15.31701198,469.8371669717362,471.6356811328924,1 46079U 20055BE  26275.14297367 -.00000197  00000+0  54297-5 0  9998,2 46079  53.1601 220.3198 0001313  96.8449 263.2702 15.31701198340877
STARLINK-1568,46080,53.0526,0.0002953,15.65193045,370.69010456134765,374.6771392206374,1 46080U 20055BF  26275.90698328  .00048038  00000+0  47908-3 0  9990,2 46080  53.0526 110.6646 0002953 106.1032 254.0308 15.65193045342445
STARLINK-1578,46082,53.1598,0.0001294,15.31710939,469.8211463662783,471.59362729359054,1 46082U 20055BH  26275.93036560  .00001075  00000+0  46402-4 0  9998,2 46082  53.1598 217.1754 0001294  91.4950 268.6200 15.31710939340981
STARLINK-1579,46083,53.159,0.0001206,15.31712398,469.87706757352953,471.5290077906184,1 46083U 20055BJ  26275.85140317  .00007956  00000+0  26776-3 0  9991,2 46083  53.1590 217.0720 0001206  78.1187 281.9950 15.31712398340973
STARLINK-1596,46141,53.028,0.0006219,15.80323766,325.3528373657491,333.6958265304256,1 46141U 20057AA  26275.68194885  .00122099  00000+0  62833-3 0  9998,2 46141  53.0280 299.2294 0006219  44.5046 315.6473 15.80323766339627
STARLINK-1608,46146,53.1532,0.0002119,15.47367602,422.9887500918321,425.87167807716105,1 46146U 20057AF  26274.64377161  .00045530  00000+0  87937-3 0  9994,2 46146  53.1532  61.9344 0002119 347.8420  12.2537 15.47367602337868
STARLINK-1641,46174,53.0342,0.0007375,15.93393413,287.87492103400655,297.71454534045824,1 46174U 20057BK  26276.00003472  .00271018  39198-4  74843-3 0  9997,2 46174  53.0342 345.9903 0007375 357.8285 290.1510 15.93393413  6021
STARLINK-1762,46342,53.1486,0.0003757,15.49875674,414.53647237142377,419.6424055176458,1 46342U 20062T   26275.83757832  .00043092  00000+0  76308-3 0  9998,2 46342  53.1486 115.0426 0003757 167.8250 192.2850 15.49875674336306
STARLINK-1553,46348,53.0345,0.0002811,15.47402569,422.4155614455576,426.23990711917213,1 46348U 20062Z   26275.64056215  .00023426  00000+0  45722-3 0  9995,2 46348  53.0345  45.3724 0002811  98.0863 262.0463 15.47402569337221
STARLINK-1661,46355,53.1496,0.0002809,15.49607241,415.96515883745906,419.7831579062313,1 46355U 20062AG  26275.94213882  .00042328  00000+0  75696-3 0  9996,2 46355  53.1496 114.3536 0002809 174.3936 185.7105 15.49607241336321
STARLINK-1771,46384,53.0311,0.0001471,15.75766598,341.46202373912274,343.4392206175671,1 46384U 20062BM  26274.84187513  .00068246  00000+0  43558-3 0  9996,2 46384  53.0311  58.0641 0001471 189.6024 170.4967 15.75766598336967
STARLINK-1672,46537,53.022,0.0006537,16.17903684,220.93308702502327,229.56635482395905,1 46537U 20070F   26276.04839207  .01384898  15693-2  84220-3 0  9996,2 46537  53.0220 193.2036 0006537 218.6547 141.4023 16.17903684332612
STARLINK-1664,46553,53.0353,0.0007528,15.71023516,350.9011533614748,361.04002574830884,1 46553U 20070X   26275.44166045  .00065265  00000+0  50989-3 0  9991,2 46553  53.0353 214.6867 0007528  74.3848 285.7999 15.71023516332260
STARLINK-1730,46563,53.0122,0.0002958,15.85485403,312.97849101866905,316.938126203243,1 46563U 20070AH  26276.00003472  .00160361  00000+0  64444-3 0  9993,2 46563  53.0122 186.9003 0002958 117.7970   6.9911 15.85485403  5893
STARLINK-1797,46698,53.02,0.0002415,16.23182463,209.3340345263914,212.5165516139441,1 46698U 20073AE  26275.50838071  .01896932  11898-4  74146-3 0  9993,2 46698  53.0200 259.9323 0002415 168.1199 191.9897 16.23182463330168
STARLINK-1802,46702,53.1526,0.0003876,15.50150849,413.6517274224525,418.9187635471526,1 46702U 20073AJ  26275.41985441  .00061678  00000+0  10757-2 0  9998,2 46702  53.1526 323.1360 0003876   6.2594 353.8463 15.50150849329320
STARLINK-1807,46706,53.055,0.0002527,15.3968877,445.3041950653178,448.7536339185026,1 46706U 20073AN  26275.47255133  .00027027  00000+0  68164-3 0  9992,2 46706  53.0550 343.1821 0002527  26.7531 333.3602 15.39688770329014
STARLINK-1810,46709,53.0246,0.0010433,16.00974652,264.78064171092956,278.6562300634514,1 46709U 20073AR  26275.59249844  .00390861  77089-4  70444-3 0  9999,2 46709  53.0246 292.4503 0010433  33.2987 326.8697 16.00974652329719
STARLINK-1821,46718,53.0335,0.0005191,15.73429652,345.6113946454034,352.59561573789415,1 46718U 20073BA  26275.33601098  .00089512  00000+0  62872-3 0  9992,2 46718  53.0335 309.1327 0005191  20.5354 339.5871 15.73429652329472
STARLINK-1828,46725,53.0295,0.0002622,16.27362495,197.91268507629138,201.3620699598623,1 46725U 20073BH  26276.06973536  .03002870  12006-4  81909-3 0  9991,2 46725  53.0295 285.8536 0002622 216.0471 144.0394 16.27362495329857
STARLINK-1812,47126,53.0945,0.0002246,15.27034406,483.14189771811834,486.2246765911077,1 47126U 20088E   26275.71915774  .00015484  00000+0  58772-3 0  9994,2 47126  53.0945  69.3785 0002246 152.4162 207.6956 15.27034406323387
STARLINK-1856,47143,53.0295,0.0009624,16.19407179,214.8107651813034,227.51309576267522,1 47143U 20088X   26275.43565478  .01424326  11817-4  74515-3 0  9990,2 47143  53.0295 326.3666 0009624  10.3366 349.7867 16.19407179324779
STARLINK-1871,47157,53.1524,0.0001744,15.4695056,424.4661797765484,426.83934164508355,1 47157U 20088AM  26275.95477807  .00041479  00000+0  81394-3 0  9993,2 47157  53.1524  42.8719 0001744 323.7950  36.2940 15.46950560323803
STARLINK-1913,47179,53.1543,8.72e-05,15.44642133,431.83591507966685,433.0236779289771,1 47179U 20088BK  26275.91575413  .00040408  00000+0  85842-3 0  9998,2 47179  53.1543  55.9309 0000872   7.5428 352.5592 15.44642133323614
STARLINK-2017,47351,53.1563,0.0002545,15.35128906,458.79719254410065,462.278077933438,1 47351U 21005C   26275.91008800  .00025411  00000+0  74327-3 0  9994,2 47351  53.1563 128.6176 0002545 140.1280 219.9911 15.35128906315481
STARLINK-2034,47352,53.1609,0.0001213,15.3170374,469.89807907576596,471.55961393012785,1 47352U 21005D   26275.43837271 -.00000520  00000+0 -49890-5 0  9999,2 47352  53.1609 170.5292 0001213 102.6546 257.4591 15.31703740314859
STARLINK-2045,47353,53.1602,0.000159,15.31709592,469.6224352260533,471.80036901792755,1 47353U 21005E   26274.83809063 -.00002408  00000+0 -65832-4 0  9991,2 47353  53.1602 121.2536 0001590 104.2251 255.8928 15.31709592315494
STARLINK-2046,47354,53.155,0.0003158,15.34760387,459.47230455662975,463.7923028488485,1 47354U 21005F   26275.91176081  .00017689  00000+0  52737-3 0  9993,2 47354  53.1550 139.0252 0003158 129.3860 230.7423 15.34760387315332
STARLINK-2047,47355,53.1592,0.0001243,15.31699457,469.8902982691652,471.5929294925754,1 47355U 21005G   26275.86153340 -.00000094  00000+0  87254-5 0  9998,2 47355  53.1592 126.8266 0001243  87.0864 273.0280 15.31699457315499
