satname,norad_id,inclination_deg,eccentricity,mean_motion_rev_per_day,perigee_km,apogee_km,l1,l2
STARLINK-1008,44714,53.0528,0.0001574,15.06392841,546.1434460124929,548.323552645681,1 44714U 19074B   25276.13107144  .00025038  00000+0  16942-2 0  9995,2 44714  53.0528 173.9279 0001574 105.0028 255.1136 15.06392841325008
STARLINK-1010,44716,53.0474,0.0005664,15.83264156,317.4224022078379,325.0114303241844,1 44716U 19074D   25276.66670139  .00172215  00000+0  76759-3 0  9997,2 44716  53.0474 113.7484 0005664 100.7339 326.3979 15.83264156  6016
STARLINK-1011,44717,53.0492,0.0006907,15.73116196,345.34999098103526,354.64423544502915,1 44717U 19074E   25276.66670139  .00248041  00000+0  17243-2 0  9991,2 44717  53.0492 168.5069 0006907 110.5623  17.4748 15.73116196  5986
STARLINK-1012,44718,53.0523,0.0001628,15.06386316,546.1260441718696,548.3809513179349,1 44718U 19074F   25276.04259635  .00026096  00000+0  17650-2 0  9994,2 44718  53.0523 174.3246 0001628  75.1484 284.9685 15.06386316324984
STARLINK-1015,44721,53.0277,0.0004115,16.4072297,161.1879724856608,166.57205248693754,1 44721U 19074J   25276.90238792  .09718325  12379-4  64726-3 0  9990,2 44721  53.0277  97.1891 0004115 267.3524  92.7051 16.40722970326136
STARLINK-1017,44723,53.0519,0.0004522,15.12279891,526.1254337715982,532.3724736281238,1 44723U 19074L   25276.41554670  .00046530  00000+0  26576-2 0  9990,2 44723  53.0519 170.6499 0004522  83.6134 276.5373 15.12279891325074
STARLINK-1019,44724,53.0537,0.0002055,15.0638478,545.8350367242329,548.6813741536689,1 44724U 19074M   25276.10525397  .00011164  00000+0  76752-3 0  9998,2 44724  53.0537 174.0455 0002055  59.7337 300.3855 15.06384780324991
STARLINK-1020,44725,53.0533,0.0001448,15.06413029,546.1688415285325,548.1744109066849,1 44725U 19074N   25276.50886311  .00026079  00000+0  17626-2 0  9994,2 44725  53.0533 192.2324 0001448  79.7831 280.3321 15.06413029324771
STARLINK-1021,44726,53.0372,0.0004997,16.07948229,249.1645050764473,255.7911415308572,1 44726U 19074P   25276.67167049  .00838763  38835-3  99417-3 0  9994,2 44726  53.0372 105.3879 0004997 301.0846  58.9696 16.07948229326001
STARLINK-1029,44734,53.0496,0.0002717,15.98998922,275.38678154509125,279.0032889730519,1 44734U 19074X   25276.66670139  .00620439  18009-3  12577-2 0  9992,2 44734  53.0496  29.9727 0002717 351.4478 239.3794 15.98998922  5819
STARLINK-1031,44736,53.0529,0.0009239,15.4067234,437.8207138531425,450.4268873605042,1 44736U 19074Z   25275.92539925  .00087365  00000+0  20925-2 0  9998,2 44736  53.0529 171.7619 0009239  86.8085 273.3976 15.40672340325021
STARLINK-1036,44741,53.0529,0.0001288,15.06390134,546.3498071834256,548.1337847612676,1 44741U 19074AE  25276.47200735  .00011268  00000+0  77434-3 0  9996,2 44741  53.0529 192.4008 0001288  91.7700 268.3437 15.06390134324771
STARLINK-1039,44744,53.0498,0.000675,15.1074183,529.270705155719,538.602004184524,1 44744U 19074AH  25276.23983779  .00082175  00000+0  48588-2 0  9991,2 44744  53.0498 212.4494 0006750  53.0124 307.1484 15.10741830324470
STARLINK-1042,44747,53.046,0.0003377,15.41608278,439.059298408456,443.66518819738303,1 44747U 19074AL  25275.88499058  .00028607  00000+0  67654-3 0  9992,2 44747  53.0460 127.1933 0003377  67.2756 292.8605 15.41608278325661
STARLINK-1043,44748,53.0523,0.0001233,15.06402584,546.349743861053,548.0575328624736,1 44748U 19074AM  25276.44435773  .00017240  00000+0  11734-2 0  9998,2 44748  53.0523 212.5229 0001233  89.7180 270.3950 15.06402584324495
STARLINK-1046,44751,53.0548,0.0002009,15.0639368,545.8396214790382,548.6222343124664,1 44751U 19074AQ  25276.06102050 -.00000068  00000+0  14370-4 0  9991,2 44751  53.0548 214.2434 0002009 106.3566 253.7644 15.06393680324434
STARLINK-1047,44752,53.0712,0.0005549,15.28448834,476.6428977224987,484.2545561622592,1 44752U 19074AR  25275.93001371  .00015732  00000+0  57178-3 0  9996,2 44752  53.0712 160.7107 0005549  88.1829 271.9806 15.28448834325182
STARLINK-1048,44753,53.0529,0.0001454,15.06400231,546.2039043792556,548.2177955340239,1 44753U 19074AS  25276.15317507  .00029173  00000+0  19693-2 0  9996,2 44753  53.0529 173.8281 0001454  74.7095 285.4055 15.06400231325006
STARLINK-1053,44758,53.0408,0.0002248,15.56866845,395.2083743055646,398.2543551223407,1 44758U 19074AX  25276.32668440  .00085769  00000+0  11668-2 0  9992,2 44758  53.0408 141.8511 0002248 124.2652 235.8572 15.56866845325487
STARLINK-1054,44759,53.0461,0.0009032,15.72435628,345.8597110858109,358.016919135026,1 44759U 19074AY  25276.66670139  .00319494  00000+0  22638-2 0  9992,2 44759  53.0461 168.6908 0009032  84.9497 312.1300 15.72435628  5966
STARLINK-1056,44761,53.0404,0.0008024,15.84484897,312.4027341421688,323.14833457730947,1 44761U 19074BA  25276.66670139  .00326439  00000+0  13452-2 0  9996,2 44761  53.0404 157.0190 0008024  94.9698 358.2400 15.84484897  5995
STARLINK-1057,44762,53.0297,0.0005298,16.42729607,155.0882936415228,162.01456870319362,1 44762U 19074BB  25276.94267171  .10283524  12440-4  51226-3 0  9992,2 44762  53.0297 123.5661 0005298 271.4703  88.5738 16.42729607325770
STARLINK-1060,44765,53.0548,0.000121,15.49439265,417.542946866085,419.1877004284079,1 44765U 19074BE  25276.66670139  .00501045  00000+0  84124-2 0  9992,2 44765  53.0548 186.3162 0001210 104.8793 216.3924 15.49439265  5815
STARLINK-1063,44768,53.0535,0.0001751,15.06397088,546.0078527180103,548.4331129084921,1 44768U 19074BH  25276.51439009  .00021276  00000+0  14430-2 0  9994,2 44768  53.0535 212.2067 0001751  83.3702 276.7486 15.06397088324511
STARLINK-1067,44771,53.0554,0.0002048,15.06379379,545.856434726019,548.6930833825263,1 44771U 19074BL  25276.23795721  .00002026  00000+0  15494-3 0  9997,2 44771  53.0554 213.4468 0002048 103.0414 257.0804 15.06379379324467
STARLINK-1068,44772,53.0524,0.0001266,15.06390846,546.3628610926289,548.116366451236,1 44772U 19074BM  25276.16239063  .00031832  00000+0  21468-2 0  9996,2 44772  53.0524 193.7885 0001266  94.2864 265.8270 15.06390846324724
STARLINK-1112,44925,53.0515,1.65e-05,15.48288198,421.62125863135043,421.84565435641525,1 44925U 20001M   25276.66670139  .00080494  00000+0  14927-2 0  9996,2 44925  53.0515 298.2519 0000165 142.1809  20.5047 15.48288198  5779
STARLINK-1114,44927,53.0551,0.0001611,15.06364909,546.2034179079064,548.4347998661888,1 44927U 20001P   25276.53281148  .00028509  00000+0  19269-2 0  9995,2 44927  53.0551 332.1269 0001611  76.3982 283.7186 15.06364909316162
STARLINK-1123,44930,53.0553,0.0001697,15.06387063,546.0759698848296,548.4264466427148,1 44930U 20001S   25276.48122683  .00000920  00000+0  80689-4 0  9994,2 44930  53.0553 332.3571 0001697  75.7782 284.3395 15.06387063316155
STARLINK-1144,44933,53.046,0.0013058,15.53131025,398.73015282732194,416.45175995823683,1 44933U 20001V   25276.40543314  .00182934  00000+0  28022-2 0  9994,2 44933  53.0460 277.5655 0013058 348.7906  11.2810 15.53131025318218
STARLINK-1091,44940,53.038,0.0003055,15.82374464,321.68040798901256,325.775247398733,1 44940U 20001AC  25276.66670139  .00282306  00000+0  12941-2 0  9993,2 44940  53.0380 259.4334 0003055  50.9959 326.7823 15.82374464  5990
STARLINK-1094,44941,53.0544,0.0001239,15.06393593,546.373141420796,548.0892476594017,1 44941U 20001AD  25276.42778460  .00004387  00000+0  31330-3 0  9999,2 44941  53.0544 312.5959 0001239 107.3723 252.7402 15.06393593316429
STARLINK-1096,44942,52.9909,0.0002189,15.79580313,330.1601062690406,333.0976417686861,1 44942U 20001AE  25276.66670139  .00167366  00000+0  88575-3 0  9990,2 44942  52.9909  86.1304 0002189 266.5431 302.9428 15.79580313  5744
STARLINK-1122,44949,53.0546,0.0001568,15.06389463,546.1579527962431,548.3297522315916,1 44949U 20001AM  25276.51623923  .00006513  00000+0  45585-3 0  9990,2 44949  53.0546 312.1954 0001568  60.4415 299.6731 15.06389463316439
STARLINK-1080,44961,53.0532,0.0001546,15.06401183,546.1372738895125,548.2785905425535,1 44961U 20001AZ  25276.44804296  .00004720  00000+0  33554-3 0  9991,2 44961  53.0532 292.5059 0001546  84.7229 275.3936 15.06401183316716
STARLINK-1090,44968,53.0526,0.000138,15.06393651,546.2753159908834,548.1867175635134,1 44968U 20001BG  25276.31903849  .00003605  00000+0  26086-3 0  9991,2 44968  53.0526 293.0867 0001380  90.4090 269.7057 15.06393651316693
STARLINK-1107,44972,53.0107,0.0007766,15.59131902,384.9119676120836,395.4244993006878,1 44972U 20001BL  25276.66670139  .00211257  00000+0  25872-2 0  9992,2 44972  53.0107 217.4698 0007766 104.8013 171.4862 15.59131902  5891
STARLINK-1132,45044,53.054,0.0001627,15.06399175,546.0873318238455,548.3408410673737,1 45044U 20006A   25276.34483135  .00003114  00000+0  22787-3 0  9995,2 45044  53.0540 252.9656 0001627  91.1969 268.9207 15.06399175313021
STARLINK-1131,45047,53.0549,0.0001355,15.06383584,546.3234795238168,548.2002626178773,1 45047U 20006D   25276.38730185  .00000933  00000+0  81586-4 0  9991,2 45047  53.0549 273.3159 0001355 102.3549 257.7591 15.06383584312742
STARLINK-1134,45048,53.0398,0.0010568,15.24865559,483.9296599886038,498.44866776857634,1 45048U 20006E   25276.66670139  .00078901  00000+0  31093-2 0  9991,2 45048  53.0398 253.7655 0010568  47.8869  36.2486 15.24865559  5842
STARLINK-1156,45054,53.0544,0.0001482,15.06378334,546.2516154063342,548.3043084010424,1 45054U 20006L   25276.29139976 -.00000312  00000+0 -20291-5 0  9990,2 45054  53.0544 273.2101 0001482  94.8686 265.2473 15.06378334312738
STARLINK-1159,45057,53.0536,0.000137,15.06375668,546.3373500484113,548.2349159868581,1 45057U 20006P   25276.43883854 -.00001580  00000+0 -87290-4 0  9999,2 45057  53.0536 272.5483 0001370  77.7309 282.3834 15.06375668312766
STARLINK-1166,45060,53.0541,0.000138,15.06411769,546.2197947598324,548.1311810064872,1 45060U 20006S   25276.38351977  .00003244  00000+0  23647-3 0  9995,2 45060  53.0541 272.7957 0001380  88.7612 271.3535 15.06411769312752
STARLINK-1169,45061,53.0545,0.00013,15.06414739,546.2660959542973,548.0666748344993,1 45061U 20006T   25276.39092427  .00025110  00000+0  16979-2 0  9994,2 45061  53.0545 272.7648 0001300  88.4153 271.6985 15.06414739312755
STARLINK-1171,45062,53.0527,0.0001264,15.06395174,546.350983045384,548.1017149000045,1 45062U 20006U   25276.37618067  .00016617  00000+0  11320-2 0  9994,2 45062  53.0527 272.8256 0001264 112.6242 247.4881 15.06395174312757
STARLINK-1133,45064,53.0527,0.0001323,15.06397148,546.3040741506584,548.1365236919528,1 45064U 20006W   25276.32271766  .00002895  00000+0  21316-3 0  9992,2 45064  53.0527 253.0642 0001323  99.6734 260.4405 15.06397148313026
STARLINK-1150,45067,53.0373,0.0004583,16.16990483,224.70820593479857,230.76314883088799,1 45067U 20006Z   25276.63569163  .01641690  24171-2  10870-2 0  9993,2 45067  53.0373 188.4781 0004583 232.3372 127.7250 16.16990483313956
STARLINK-1167,45071,53.0528,0.0001505,15.06393033,546.190642700556,548.2751790437278,1 45071U 20006AD  25276.34851907  .00001001  00000+0  86136-4 0  9993,2 45071  53.0528 252.9520 0001505  88.6757 271.4404 15.06393033313023
STARLINK-1168,45072,53.053,0.0001399,15.06379461,546.3056426604298,548.2433728002916,1 45072U 20006AE  25276.35221356  .00004383  00000+0  31316-3 0  9999,2 45072  53.0530 252.9349 0001399  95.8162 264.2987 15.06379461313022
STARLINK-1172,45074,53.0538,0.0001494,15.06389307,546.2096786662669,548.2789826078615,1 45074U 20006AG  25276.62865527  .00000865  00000+0  76981-4 0  9994,2 45074  53.0538 251.6949 0001494  92.1669 267.9491 15.06389307313066
STARLINK-1153,45080,53.0531,0.0001563,15.06398491,546.1337501073294,548.2986155122753,1 45080U 20006AN  25276.34115262  .00000421  00000+0  47149-4 0  9996,2 45080  53.0531 252.9832 0001563  93.0457 267.0710 15.06398491313028
STARLINK-1151,45081,53.0531,0.0001298,15.06408967,546.2851688354876,548.082982186691,1 45081U 20006AP  25276.32640632 -.00008894  00000+0 -57880-3 0  9995,2 45081  53.0531 253.1237 0001298  99.5209 260.5927 15.06408967313020
STARLINK-1190,45083,53.0453,0.0007686,15.77549365,332.22488719014746,342.5479898198182,1 45083U 20006AR  25276.66670139  .00248821  00000+0  14252-2 0  9998,2 45083  53.0453 217.6619 0007686  84.9970 157.6706 15.77549365  5883
STARLINK-1173,45084,53.0422,0.0004973,15.90678572,297.0616174973338,303.7040733355843,1 45084U 20006AS  25276.66670139  .00421078  77984-4  13358-2 0  9992,2 45084  53.0422 180.5761 0004973  71.6749 170.0264 15.90678572  5953
STARLINK-1179,45085,53.0316,0.000296,16.19710133,218.38585805707135,222.2921558531889,1 45085U 20006AT  25276.04737152  .02498562  11804-4  12872-2 0  9997,2 45085  53.0316 172.6187 0002960 240.8666 119.2076 16.19710133314122
STARLINK-1185,45087,53.0534,0.0001629,15.06396708,546.0935065388458,548.3497883861901,1 45087U 20006AV  25276.56784134  .00010358  00000+0  71331-3 0  9996,2 45087  53.0534 231.9641 0001629  93.6216 266.4959 15.06396708313347
STARLINK-1183,45088,53.0525,0.0001566,15.06391383,546.1534542081172,548.3224816480724,1 45088U 20006AW  25276.25821629  .00001907  00000+0  14692-3 0  9991,2 45088  53.0525 233.3544 0001566  72.6002 287.5158 15.06391383313299
STARLINK-1176,45090,53.0473,0.0002089,15.87733257,307.24272496189315,310.03646022227804,1 45090U 20006AY  25276.66670139  .00367491  00000+0  12893-2 0  9990,2 45090  53.0473 178.5394 0002089  58.6115 226.4180 15.87733257  6012
STARLINK-1142,45093,53.0371,0.0005444,15.53500578,402.82120502645284,410.208333873029,1 45093U 20006BB  25276.66670139  .00180177  00000+0  27315-2 0  9992,2 45093  53.0371 174.8662 0005444 127.9632 235.8498 15.53500578  5938
STARLINK-1146,45094,53.0308,0.0005933,16.36427762,171.43426713451572,179.21060209963343,1 45094U 20006BC  25276.95052647  .07391229  12207-4  81287-3 0  9998,2 45094  53.0308 168.5564 0005933 230.4657 129.5864 16.36427762314260
STARLINK-1147,45095,53.0374,0.0002543,16.02636298,265.4312815879657,268.8110598936046,1 45095U 20006BD  25276.62682930  .00611207  18404-3  10039-2 0  9991,2 45095  53.0374 174.3783 0002543 100.8814 259.2503 16.02636298314159
STARLINK-1152,45096,53.0446,0.0008256,15.22248187,493.3832295765733,504.7388589872917,1 45096U 20006BE  25276.56934815  .00092702  00000+0  39405-2 0  9997,2 45096  53.0446 217.4159 0008256  86.6761 273.5179 15.22248187313542
STARLINK-1184,45098,53.0558,0.0001421,15.06397858,546.2340299045918,548.2022158305108,1 45098U 20006BG  25276.60469996  .00002789  00000+0  20607-3 0  9998,2 45098  53.0558 231.8007 0001421  91.1079 269.0073 15.06397858313343
STARLINK-1193,45100,53.0526,9.13e-05,15.06411613,546.5436849207117,547.808247068303,1 45100U 20006BJ  25276.60100494  .00020836  00000+0  14131-2 0  9994,2 45100  53.0526 231.8168 0000913 148.3432 211.7612 15.06411613313342
STARLINK-1143,45179,53.0567,0.0004882,15.36199417,454.0231251401683,460.6973046207768,1 45179U 20012B   25276.66670139  .00064821  00000+0  18058-2 0  9995,2 45179  53.0567   1.4908 0004882 286.7291 182.6899 15.36199417  5771
STARLINK-1202,45183,53.0552,0.0001452,15.06424699,546.130310475588,548.1414097141587,1 45183U 20012F   25276.59731825  .00021497  00000+0  14567-2 0  9995,2 45183  53.0552  31.8340 0001452  82.0847 278.0307 15.06424699311168
STARLINK-1216,45185,53.0545,0.0001362,15.06407447,546.2455046848909,548.1319634148467,1 45185U 20012H   25276.58994146  .00006042  00000+0  42408-3 0  9998,2 45185  53.0545  31.8660 0001362  95.9944 264.1200 15.06407447311102
STARLINK-1225,45187,53.054,0.0001454,15.06404568,546.190614066878,548.2045013562611,1 45187U 20012K   25276.47567911  .00003240  00000+0  23627-3 0  9993,2 45187  53.0540  32.3794 0001454  94.8325 265.2830 15.06404568311131
STARLINK-1230,45189,53.0558,0.000153,15.06406605,546.131739406399,548.2508898706792,1 45189U 20012M   25276.61205238  .00004195  00000+0  30028-3 0  9995,2 45189  53.0558  31.7694 0001530  91.5088 268.6076 15.06406605308385
STARLINK-1234,45190,53.0552,0.0001695,15.06404706,546.0232906277715,548.3709788994565,1 45190U 20012N   25276.63051251  .00019338  00000+0  13134-2 0  9996,2 45190  53.0552 351.6837 0001695 108.9102 251.2071 15.06404706311620
STARLINK-1269,45197,53.0546,0.0001116,15.06360042,546.5611435938636,548.1069087269025,1 45197U 20012V   25276.62313532 -.00009065  00000+0 -59107-3 0  9994,2 45197  53.0546  31.7214 0001116  82.0894 278.0222 15.06360042311138
STARLINK-1154,45198,53.0568,0.0001343,15.06392233,546.3052852685842,548.1654402852264,1 45198U 20012W   25276.48120728 -.00001430  00000+0 -77115-4 0  9990,2 45198  53.0568  12.3570 0001343  61.8971 298.2153 15.06392233311365
STARLINK-1199,45201,53.056,0.0001331,15.06425474,546.2117313958779,548.055238398957,1 45201U 20012Z   25276.55862288  .00023730  00000+0  16055-2 0  9996,2 45201  53.0560  12.0087 0001331  95.9464 264.1677 15.06425474311439
STARLINK-1209,45206,53.0559,0.0001453,15.06417183,546.1526495251273,548.1651405122193,1 45206U 20012AE  25276.63419131  .00023857  00000+0  16143-2 0  9993,2 45206  53.0559 351.6724 0001453 102.7548 257.3604 15.06417183310775
STARLINK-1210,45207,53.0272,0.0012757,15.4969716,408.9419337634363,426.28060589908455,1 45207U 20012AF  25276.50881012  .00105087  00000+0  18413-2 0  9999,2 45207  53.0272 321.3985 0012757 310.9389  49.0514 15.49697160312147
STARLINK-1231,45212,53.0529,0.000262,15.10181793,533.8336906258655,537.456512447071,1 45212U 20012AL  25276.52955036  .00037549  00000+0  22792-2 0  9997,2 45212  53.0529  11.4059 0002620 274.5098  85.5593 15.10181793311393
STARLINK-1271,45217,53.0552,0.0001498,15.06422144,546.1062835515177,548.1810976464212,1 45217U 20012AR  25276.54386916  .00018112  00000+0  12309-2 0  9997,2 45217  53.0552  12.0727 0001498 103.8766 256.2389 15.06422144311439
STARLINK-1191,45222,53.0541,0.0001524,15.0640852,546.1300263477633,548.2408646291478,1 45222U 20012AW  25276.48675010  .00006741  00000+0  47091-3 0  9994,2 45222  53.0541 352.3288 0001524 100.1387 259.9774 15.06408520311704
STARLINK-1212,45223,53.0567,0.0001519,15.06415893,546.1108955635336,548.214801657542,1 45223U 20012AX  25276.50526530  .00022052  00000+0  14940-2 0  9999,2 45223  53.0567 352.9035 0001519 100.9589 259.1571 15.06415893311703
STARLINK-1215,45225,53.0552,0.0001408,15.06406301,546.2171599902158,548.1673327059889,1 45225U 20012AZ  25276.59364192  .00007484  00000+0  52069-3 0  9991,2 45225  53.0552 351.8502 0001408 111.9213 248.1926 15.06406301311671
STARLINK-1217,45226,53.0396,0.0002168,15.97888033,278.83576125430045,281.7228505645435,1 45226U 20012BA  25276.66670139  .00439617  91636-4  94962-3 0  9996,2 45226  53.0396 294.7439 0002168  25.8544 151.8635 15.97888033  5927
STARLINK-1221,45227,53.0676,0.0002164,15.35628349,457.5751936722754,460.53433026685525,1 45227U 20012BB  25276.34404305  .00026857  00000+0  77238-3 0  9997,2 45227  53.0676 291.6643 0002164 228.2315 131.8503 15.35628349312481
STARLINK-1222,45228,53.0553,0.0001409,15.06448182,546.0881301781337,548.0396517892141,1 45228U 20012BC  25276.49411357  .00027603  00000+0  18623-2 0  9991,2 45228  53.0553 352.2936 0001409  84.7838 275.3312 15.06448182311597
STARLINK-1226,45229,53.0554,0.000124,15.06410521,546.3205735534666,548.0380519990358,1 45229U 20012BD  25276.58996408  .00018885  00000+0  12829-2 0  9991,2 45229  53.0554 351.8662 0001240  84.8769 275.2362 15.06410521311610
STARLINK-1227,45230,53.0547,0.0001544,15.06412089,546.1052390454897,548.243775238896,1 45230U 20012BE  25276.58627520  .00015091  00000+0  10295-2 0  9990,2 45230  53.0547 351.8834 0001544 103.9658 256.1503 15.06412089311731
STARLINK-1238,45233,53.03,0.0003775,16.219643,211.73537147783463,216.7126040235862,1 45233U 20012BH  25276.48478819  .03114061  11885-4  13418-2 0  9995,2 45233  53.0300 310.3829 0003775   2.1072 357.9982 16.21964300312270
STARLINK-1246,45235,53.0544,0.0001306,15.06385259,546.3522809265087,548.1611937707048,1 45235U 20012BK  25276.60100846  .00000023  00000+0  20446-4 0  9995,2 45235  53.0544  31.8181 0001306  93.9865 266.1273 15.06385259311189
STARLINK-1247,45236,53.0338,0.0003624,16.1171297,239.7491351771032,244.5475179818086,1 45236U 20012BL  25276.02103959  .01078022  73297-3  10041-2 0  9995,2 45236  53.0338 293.1727 0003624  31.3184 328.8066 16.11712970312486
STARLINK-1270,45237,53.0568,0.0001673,15.06438123,545.936127631493,548.2533101646359,1 45237U 20012BM  25276.60467308  .00010989  00000+0  75473-3 0  9997,2 45237  53.0568 351.7999 0001673 102.7311 257.3865 15.06438123311728
STARLINK-1279,45360,53.0524,0.0001023,15.06382849,546.5556552468552,547.9725923167807,1 45360U 20019A   25276.56321236 -.00008192  00000+0 -53193-3 0  9995,2 45360  53.0524 121.9855 0001023  87.3441 272.7666 15.06382849306453
STARLINK-1301,45361,53.0548,0.0001389,15.06409596,546.2202209068573,548.1440745660993,1 45361U 20019B   25276.61758044 -.00001254  00000+0 -65301-4 0  9990,2 45361  53.0548 131.7427 0001389  80.0540 280.0606 15.06409596306331
STARLINK-1306,45362,53.0496,0.000949,15.59756671,381.939318836824,394.78213151921227,1 45362U 20019C   25276.66670139  .00152966  00000+0  18432-2 0  9990,2 45362  53.0496 130.3905 0009490 133.4367 193.0611 15.59756671  5940
STARLINK-1262,45366,53.0526,7.81e-05,15.06385683,546.7145646793906,547.7963109781804,1 45366U 20019G   25276.05180408  .00018173  00000+0  12362-2 0  9999,2 45366  53.0526 154.2814 0000781  87.7549 272.3529 15.06385683305977
STARLINK-1273,45367,53.0523,0.0001245,15.06450233,546.195418577925,547.919792034646,1 45367U 20019H   25276.07389519  .00026212  00000+0  17697-2 0  9995,2 45367  53.0523 154.1841 0001245  67.2849 292.8271 15.06450233305971
STARLINK-1276,45368,53.053,0.0001355,15.06394717,546.2893626961331,548.1661365432801,1 45368U 20019J   25276.37617371  .00003909  00000+0  28124-3 0  9995,2 45368  53.0530 152.8288 0001355 104.4715 255.6425 15.06394717306027
STARLINK-1277,45369,53.0532,0.0001723,15.06398368,546.0233213693909,548.4097982060948,1 45369U 20019K   25276.63426619  .00005691  00000+0  40068-3 0  9999,2 45369  53.0532 152.2983 0001723  96.2124 263.9061 15.06398368306054
STARLINK-1281,45370,53.0536,0.0001227,15.06421901,546.2947033087075,547.99416737294,1 45370U 20019L   25276.49781190  .00013619  00000+0  93087-3 0  9991,2 45370  53.0536 152.2823 0001227  67.5817 292.5302 15.06421901306047
STARLINK-1300,45374,53.051,0.0001454,15.0638788,546.2417531603369,548.2556553231307,1 45374U 20019Q   25276.05549870  .00002662  00000+0  19761-3 0  9997,2 45374  53.0510 154.2648 0001454 104.3800 255.7351 15.06387880305977
STARLINK-1302,45375,53.0528,0.000152,15.06398885,546.1623217545566,548.2676287550339,1 45375U 20019R   25276.07023584  .00007082  00000+0  49387-3 0  9997,2 45375  53.0528 154.2022 0001520  85.0510 275.0653 15.06398885305977
STARLINK-1304,45376,53.0522,0.0001314,15.06429051,546.2125431370469,548.0325013394904,1 45376U 20019S   25275.95595315  .00012526  00000+0  85761-3 0  9995,2 45376  53.0522 154.7135 0001314 108.0426 252.0706 15.06429051305957
STARLINK-1305,45377,53.053,0.0001141,15.0639579,546.4342772692762,548.0146447546795,1 45377U 20019T   25276.04812298  .00004312  00000+0  30821-3 0  9990,2 45377  53.0530 154.2984 0001141  78.6889 281.4228 15.06395790305976
STARLINK-1319,45379,53.0531,0.0001533,15.06400288,546.1490194612797,548.2723310585152,1 45379U 20019V   25276.63786983  .00015682  00000+0  10693-2 0  9994,2 45379  53.0531 151.6520 0001533  72.9009 287.2148 15.06400288306067
STARLINK-1266,45383,53.0531,0.0001243,15.06396176,546.3624556897612,548.0841002548641,1 45383U 20019Z   25276.63971216  .00000671  00000+0  63915-4 0  9993,2 45383  53.0531 131.6462 0001243  99.9926 260.1203 15.06396176306332
STARLINK-1267,45384,53.0544,0.0001553,15.06381764,546.1919339046844,548.3429645266115,1 45384U 20019AA  25276.02794500 -.00002736  00000+0 -16493-3 0  9990,2 45384  53.0544 135.0432 0001553 109.4305 250.6852 15.06381764306234
STARLINK-1272,45386,53.053,0.0001622,15.06418892,546.0303751397296,548.2769394289526,1 45386U 20019AC  25276.63233942  .00011815  00000+0  81034-3 0  9996,2 45386  53.0530 131.6788 0001622  68.3029 291.8132 15.06418892306332
STARLINK-1274,45387,53.0341,0.000811,15.26070954,482.0033561953742,493.13953529437094,1 45387U 20019AD  25276.58680101  .00060371  00000+0  23047-2 0  9994,2 45387  53.0341 121.3339 0008110 118.4742 241.7073 15.26070954306477
STARLINK-1280,45388,53.0528,0.0001257,15.06410521,546.3088005157351,548.0498250367664,1 45388U 20019AE  25276.62312218  .00013398  00000+0  91639-3 0  9991,2 45388  53.0528 151.7199 0001257  92.1843 267.9290 15.06410521306041
STARLINK-1283,45389,53.0535,0.0001416,15.06399226,546.2333004461088,548.1945598295242,1 45389U 20019AF  25276.60285572  .00006916  00000+0  48275-3 0  9998,2 45389  53.0535 131.8073 0001416  98.1649 261.9501 15.06399226306336
STARLINK-1284,45390,53.0531,0.0001274,15.06402958,546.3202038578465,548.0847803604365,1 45390U 20019AG  25276.57705086  .00004021  00000+0  28868-3 0  9994,2 45390  53.0531 131.9277 0001274  76.9126 283.2005 15.06402958306329
STARLINK-1292,45394,53.0489,0.0004147,15.78213584,332.7179292616556,338.2862215107816,1 45394U 20019AL  25276.66670139  .00264005  00000+0  14668-2 0  9990,2 45394  53.0489  97.5897 0004147 223.1607 127.1826 15.78213584  5981
STARLINK-1297,45395,53.0529,0.0001436,15.06408031,546.1924676709205,548.1814207076904,1 45395U 20019AM  25276.61390964  .00005998  00000+0  42114-3 0  9993,2 45395  53.0529 131.7607 0001436  75.2127 284.9021 15.06408031305513
STARLINK-1307,45397,53.0524,0.0001314,15.06387633,546.3394654904023,548.1594570524239,1 45397U 20019AP  25276.00942356 -.00000361  00000+0 -53447-5 0  9990,2 45397  53.0524 134.4710 0001314  99.4392 260.6746 15.06387633306062
STARLINK-1312,45398,53.0475,0.0006489,15.77568603,332.9741747311382,341.6895101948867,1 45398U 20019AQ  25276.66670139  .00283935  00000+0  16186-2 0  9994,2 45398  53.0475  97.1502 0006489 142.8873 359.9869 15.77568603  5922
STARLINK-1255,45399,53.0522,0.0001381,15.06410366,546.22340157504,548.1361740718366,1 45399U 20019AR  25276.57427718  .00011900  00000+0  81623-3 0  9998,2 45399  53.0522 121.9399 0001381 101.3980 258.7164 15.06410366306271
STARLINK-1259,45403,53.0446,0.0002796,15.91054556,297.4636446869772,301.19768460504747,1 45403U 20019AV  25276.66670139  .00386928  67531-4  12057-2 0  9997,2 45403  53.0446  77.9896 0002796 111.4124 274.0605 15.91054556  5969
STARLINK-1260,45404,53.0535,0.0001874,15.06403412,545.9032923093691,548.4989090294985,1 45404U 20019AW  25276.54111039  .00001407  00000+0  11335-3 0  9992,2 45404  53.0535 122.0862 0001874  89.4344 270.6860 15.06403412306175
STARLINK-1263,45405,53.0537,0.0001623,15.06407698,546.0639845356818,548.311945019248,1 45405U 20019AX  25276.59271232  .00003156  00000+0  23065-3 0  9996,2 45405  53.0537 121.8552 0001623  88.4629 271.6546 15.06407698306181
STARLINK-1265,45406,53.0529,0.0001535,15.06398891,546.1519153402578,548.277998391015,1 45406U 20019AY  25276.60008734 -.00000250  00000+0  21292-5 0  9999,2 45406  53.0529 121.8234 0001535  83.0763 277.0401 15.06398891306186
STARLINK-1278,45408,53.0531,0.0001355,15.06396004,546.2854187407265,548.1621915189162,1 45408U 20019BA  25276.09603527  .00011338  00000+0  77892-3 0  9998,2 45408  53.0531 154.0853 0001355  87.7909 272.3236 15.06396004305692
STARLINK-1296,45412,53.0512,0.0001154,15.06402499,546.4047145340573,548.003083213518,1 45412U 20019BE  25276.60378390  .00000807  00000+0  73085-4 0  9997,2 45412  53.0512 121.8053 0001154  99.1960 260.9159 15.06402499306189
STARLINK-1298,45413,53.0501,0.0010052,15.45349622,423.507078669737,437.1948628861892,1 45413U 20019BF  25276.66670139  .00132719  00000+0  26954-2 0  9999,2 45413  53.0501 106.0825 0010052 147.7264   6.5436 15.45349622  5857
STARLINK-1309,45414,53.054,0.0001484,15.06397491,546.1915248054338,548.2469705397434,1 45414U 20019BG  25276.55216904 -.00000551  00000+0 -18074-4 0  9990,2 45414  53.0540 122.0379 0001484  98.4064 261.7093 15.06397491306168
STARLINK-1316,45415,53.0537,0.0001879,15.06399579,545.9115750064575,548.5141214794276,1 45415U 20019BH  25276.31257898  .00000819  00000+0  73854-4 0  9994,2 45415  53.0537 123.1109 0001879  81.4142 278.7060 15.06399579306166
STARLINK-1318,45416,53.0518,5.97e-05,15.5705116,395.79227911532234,396.60113455991905,1 45416U 20019BJ  25276.53930387  .00067955  00000+0  92164-3 0  9998,2 45416  53.0518 100.1393 0000597 277.4073  82.6870 15.57051160306496
STARLINK-1286,45417,53.0525,0.0001599,15.06399628,546.1053346482131,548.3200614816551,1 45417U 20019BK  25276.08498910  .00005228  00000+0  36963-3 0  9990,2 45417  53.0525 154.1343 0001599  70.2672 289.8489 15.06399628305962
STARLINK-1308,45419,53.0521,0.0001346,15.06402616,546.271389449932,548.1356911233761,1 45419U 20019BM  25275.88226571  .00017705  00000+0  12044-2 0  9997,2 45419  53.0521 155.0461 0001346 122.8719 237.2400 15.06402616305688
STARLINK-1329,45531,53.0531,0.0001374,15.06410999,546.2263095324497,548.1293860526239,1 45531U 20025A   25276.51438258  .00003910  00000+0  28115-3 0  9997,2 45531  53.0531  92.2055 0001374  83.6156 276.4990 15.06410999301403
STARLINK-1338,45532,53.0545,0.0001526,15.06392464,546.1778430746626,548.2914665037042,1 45532U 20025B   25275.86198277  .00002019  00000+0  15444-3 0  9999,2 45532  53.0545  95.1302 0001526  83.5221 276.5942 15.06392464301300
STARLINK-1350,45535,53.0757,0.0001186,15.31437828,470.7092582926389,472.33399731915324,1 45535U 20025E   25276.62556971  .00021737  00000+0  71593-3 0  9991,2 45535  53.0757  48.2038 0001186 123.6708 236.4406 15.31437828302056
STARLINK-1362,45538,53.0525,0.0001457,15.06394133,546.2205136018292,548.2385654114423,1 45538U 20025H   25275.69512731  .00002419  00000+0  18123-3 0  9992,2 45538  53.0525  95.6016 0001457  82.4599 277.6555 15.06394133301284
STARLINK-1368,45540,53.0535,0.0001415,15.06394764,546.2476664789492,548.2075446623267,1 45540U 20025K   25275.83249433  .00001412  00000+0  11366-3 0  9991,2 45540  53.0535  95.2658 0001415  90.4761 269.6390 15.06394764301299
STARLINK-1371,45542,53.0541,0.000138,15.06392251,546.2796062305761,548.1910089874755,1 45542U 20025M   25275.86934721  .00000657  00000+0  62985-4 0  9991,2 45542  53.0541  95.1016 0001380  84.3808 275.7338 15.06392251301301
STARLINK-1372,45543,53.0534,0.0001355,15.06394509,546.290000103596,548.1667741235042,1 45543U 20025N   25275.90620312  .00001248  00000+0  10266-3 0  9996,2 45543  53.0534  94.9354 0001355  85.5308 274.5835 15.06394509300403
STARLINK-1373,45544,53.0517,0.0001372,15.06390644,546.2900711228285,548.1903946355305,1 45544U 20025P   25276.52176208 -.00002508  00000+0 -14954-3 0  9996,2 45544  53.0517  92.1718 0001372  91.3625 268.7521 15.06390644301409
STARLINK-1294,45551,53.0519,0.0005753,15.55280729,397.43647633942055,405.2369387873423,1 45551U 20025W   25276.32141056  .00123372  00000+0  17674-2 0  9997,2 45551  53.0519  36.4076 0005753 304.1278  55.9186 15.55280729302177
STARLINK-1323,45553,53.0348,0.0003934,15.98916541,274.8053375878271,280.0419326955571,1 45553U 20025Y   25276.66670139  .00607472  17245-3  12366-2 0  9999,2 45553  53.0348  13.9241 0003934  39.1128 104.5028 15.98916541  6038
STARLINK-1325,45554,53.0608,0.0006497,15.48880507,415.58303284604426,424.41653178098295,1 45554U 20025Z   25276.66670139  .00141412  00000+0  25411-2 0  9999,2 45554  53.0608  27.0664 0006497   9.7308 234.8021 15.48880507  5826
STARLINK-1327,45555,53.0537,0.0001251,15.06385024,546.3910907549543,548.1238244482465,1 45555U 20025AA  25276.42777103 -.00000483  00000+0 -13518-4 0  9994,2 45555  53.0537  72.5931 0001251  90.4007 269.7126 15.06385024301668
STARLINK-1336,45557,53.0399,9.83e-05,15.93879212,290.78355457946327,292.09479325525626,1 45557U 20025AC  25276.66670139  .00505863  11326-3  13584-2 0  9991,2 45557  53.0399  19.8944 0000983  59.9758 357.1871 15.93879212  6011
STARLINK-1342,45558,53.0433,0.0003823,16.08633491,248.060474471401,253.12880268225672,1 45558U 20025AD  25275.80857605  .00904448  46377-3  10277-2 0  9994,2 45558  53.0433  19.8426 0003823 357.5388   2.5626 16.08633491302346
STARLINK-1356,45564,53.0535,0.0001269,15.06395332,546.3470361753725,548.1046932704394,1 45564U 20025AK  25276.43144496 -.00000260  00000+0  14627-5 0  9993,2 45564  53.0535  72.5744 0001269  94.5602 265.5532 15.06395332301661
STARLINK-1357,45565,53.0642,0.0006924,15.27540805,478.4156959620768,487.9172289969183,1 45565U 20025AL  25276.43143910  .00145731  00000+0  52444-2 0  9992,2 45565  53.0642  62.2255 0006924 175.8916 184.2141 15.27540805301818
STARLINK-1361,45567,53.0537,0.0001435,15.06394125,546.235773923705,548.2233541275809,1 45567U 20025AN  25275.85275755  .00000702  00000+0  66043-4 0  9992,2 45567  53.0537  75.1738 0001435  88.4750 271.6404 15.06394125301585
STARLINK-1363,45568,53.0536,0.0001429,15.0639985,546.222385292087,548.2016500413356,1 45568U 20025AP  25276.46465044  .00001011  00000+0  86731-4 0  9993,2 45568  53.0536  72.6686 0001429  80.4178 279.6972 15.06399850301665
STARLINK-1366,45569,53.0535,0.0001155,15.06367277,546.5119616935353,548.1117403781245,1 45569U 20025AQ  25275.85646477 -.00009048  00000+0 -58986-3 0  9997,2 45569  53.0535  75.1580 0001155  94.5608 265.5513 15.06367277301579
STARLINK-1376,45570,53.0535,0.0001302,15.06397745,546.3167879150315,548.1201504792107,1 45570U 20025AR  25275.84906893  .00002271  00000+0  17131-3 0  9995,2 45570  53.0535  75.1920 0001302  84.9206 275.1931 15.06397745301574
STARLINK-1320,45572,53.0603,0.0007787,15.38166664,446.2125108605496,456.8490354504611,1 45572U 20025AT  25276.55862753  .00116609  00000+0  30183-2 0  9994,2 45572  53.0603  22.0103 0007787 250.6544 109.3617 15.38166664302407
STARLINK-1321,45573,53.0545,0.0001181,15.06402825,546.3850170915239,548.020782375841,1 45573U 20025AU  25276.43236203  .00001033  00000+0  88248-4 0  9998,2 45573  53.0545  62.5722 0001181  90.6643 269.4481 15.06402825301507
STARLINK-1328,45576,53.0537,0.0005534,15.5900531,386.78883877110366,394.2804045219427,1 45576U 20025AX  25276.66670139  .00171342  00000+0  21214-2 0  9995,2 45576  53.0537  49.1129 0005534 287.5984 184.6793 15.59005310  5864
STARLINK-1331,45578,53.0531,0.000125,15.06386555,546.3870915126763,548.1184389539849,1 45578U 20025AZ  25275.74678460 -.00001265  00000+0 -66078-4 0  9997,2 45578  53.0531  65.6499 0001250  89.8124 270.3008 15.06386555301713
STARLINK-1333,45580,53.0538,0.0001384,15.06406833,546.2321505145364,548.149081198605,1 45580U 20025BB  25276.41670672  .00001415  00000+0  11386-3 0  9998,2 45580  53.0538  72.6441 0001384  97.8381 262.2765 15.06406833301666
STARLINK-1335,45581,53.0562,0.0001447,15.06408324,546.1839519498453,548.1881404394153,1 45581U 20025BC  25276.42130131  .00000351  00000+0  42424-4 0  9997,2 45581  53.0562  62.6249 0001447  78.2143 281.9009 15.06408324301800
STARLINK-1337,45582,53.0541,0.000131,15.06357918,546.4332986526779,548.2477737671652,1 45582U 20025BD  25275.84631482 -.00005289  00000+0 -33684-3 0  9992,2 45582  53.0541  65.2048 0001310  94.5392 265.5746 15.06357918301718
STARLINK-1347,45586,53.0534,0.0005556,15.26992587,480.9955331529545,488.6216382878065,1 45586U 20025BH  25276.41484393  .00134373  00000+0  49262-2 0  9990,2 45586  53.0534  52.6496 0005556 189.7652 170.3239 15.26992587301936
STARLINK-1360,45588,53.0485,0.0005486,15.69302908,357.19491244214896,364.5889749991984,1 45588U 20025BK  25276.66670139  .00140877  00000+0  11667-2 0  9998,2 45588  53.0485 338.7799 0005486  18.4652 305.2371 15.69302908  5988
STARLINK-1364,45589,53.0542,8.01e-05,15.06444545,546.5203278088939,547.6297467772683,1 45589U 20025BL  25276.38073781  .00016254  00000+0  11063-2 0  9999,2 45589  53.0542  62.8072 0000801  84.9543 275.1537 15.06444545301797
STARLINK-1365,45590,53.0537,0.0001375,15.06387314,546.2981982011597,548.202679746877,1 45590U 20025BM  25275.73297032 -.00000422  00000+0 -94234-5 0  9992,2 45590  53.0537  95.7119 0001375  93.3515 266.7632 15.06387314301297
STARLINK-1443,45660,53.0535,0.0001178,15.0640542,546.3791423654129,548.0107505720007,1 45660U 20035D   25276.38168477  .00017031  00000+0  11593-2 0  9999,2 45660  53.0535  52.8016 0001178  99.1121 261.0002 15.06405420295022
STARLINK-1446,45663,53.0282,0.0003709,15.30635916,471.3723860800983,476.4552373722372,1 45663U 20035G   25276.46724768  .00043539  00000+0  14535-2 0  9993,2 45663  53.0282  20.4409 0003709 172.2202 187.8856 15.30635916295480
STARLINK-1448,45665,53.0537,0.0001306,15.06428502,546.2197656772823,548.0286439039746,1 45665U 20035J   25276.65076314  .00013007  00000+0  88979-3 0  9994,2 45665  53.0537  51.5898 0001306 104.2899 255.8235 15.06428502295054
STARLINK-1451,45668,53.0539,0.0001143,15.06409859,546.3897778015762,547.9729055744856,1 45668U 20035M   25276.65448032  .00019667  00000+0  13352-2 0  9997,2 45668  53.0539  51.8929 0001143  92.4422 267.6698 15.06409859295065
STARLINK-1452,45669,53.0409,0.0007044,15.23774188,489.6277152360253,499.3098422571238,1 45669U 20035N   25276.66670139  .00109467  00000+0  44363-2 0  9998,2 45669  53.0409  36.4752 0007044 273.0987 226.3192 15.23774188  5850
STARLINK-1453,45670,53.0573,0.0001335,15.06402895,546.27815234647,548.1272180424176,1 45670U 20035P   25276.59824043  .00016402  00000+0  11173-2 0  9996,2 45670  53.0573  21.8312 0001335  82.3681 277.7460 15.06402895295362
STARLINK-1454,45671,53.0553,0.0001262,15.06396659,546.3478173607491,548.0957779212731,1 45671U 20035Q   25276.41117136  .00008755  00000+0  60599-3 0  9995,2 45671  53.0553  52.6688 0001262  87.8841 272.2293 15.06396659295012
STARLINK-1456,45673,53.0545,0.0001206,15.06400154,546.3758889713326,548.0462829296639,1 45673U 20035S   25276.35956625  .00007538  00000+0  52439-3 0  9996,2 45673  53.0545  52.9018 0001206  88.9047 271.2080 15.06400154295023
STARLINK-1457,45674,53.054,0.0001025,15.0635894,546.6275426566563,548.0472649094318,1 45674U 20035T   25276.36694104 -.00005304  00000+0 -33786-3 0  9994,2 45674  53.0540  52.8674 0001025  88.6184 271.4923 15.06358940294992
STARLINK-1458,45675,53.0539,0.0001485,15.06404392,546.1696848616239,548.2265093854703,1 45675U 20035U   25276.42223959  .00010624  00000+0  73098-3 0  9997,2 45675  53.0539  52.6173 0001485  91.7337 268.3822 15.06404392294994
STARLINK-1460,45676,53.0532,0.0001423,15.06412765,546.1869637953932,548.157906860688,1 45676U 20035V   25276.65812396  .00003484  00000+0  25256-3 0  9991,2 45676  53.0532  51.5582 0001423  98.2085 261.9066 15.06412765295021
STARLINK-1392,45677,53.0548,0.0001496,15.06394157,546.1934311263094,548.2655007729227,1 45677U 20035W   25276.40379316 -.00002079  00000+0 -12072-3 0  9998,2 45677  53.0548  52.6965 0001496 118.6983 241.4156 15.06394157295027
STARLINK-1394,45679,53.0543,0.0001327,15.06395045,546.3077485723807,548.1457401101288,1 45679U 20035Y   25276.20199358  .00015835  00000+0  10797-2 0  9997,2 45679  53.0543  43.6056 0001327 114.0753 246.0375 15.06395045295136
STARLINK-1402,45685,53.055,0.000135,15.06389288,546.3094623825209,548.1793153575154,1 45685U 20035AE  25276.49815558 -.00004360  00000+0 -27405-3 0  9990,2 45685  53.0550  36.6993 0001350  76.7299 283.3840 15.06389288295265
STARLINK-1404,45686,53.0552,0.0001168,15.0638269,546.4557241950306,548.0734980113839,1 45686U 20035AF  25276.62588905 -.00001353  00000+0 -71999-4 0  9996,2 45686  53.0552  41.7072 0001168  83.1936 276.9186 15.06382690295205
STARLINK-1413,45689,53.055,0.0001216,15.06387289,546.4083884745987,548.0926427183913,1 45689U 20035AJ  25276.37892399  .00009511  00000+0  65672-3 0  9998,2 45689  53.0550  42.8104 0001216  73.7339 286.3783 15.06387289295072
STARLINK-1417,45693,53.0556,6.83e-05,15.06379242,546.8021732973311,547.748184600975,1 45693U 20035AN  25276.64063864 -.00003316  00000+0 -20394-3 0  9991,2 45693  53.0556  41.6414 0000683  63.6497 296.4562 15.06379242295194
STARLINK-1420,45695,53.0539,0.0001239,15.06412831,546.3141872364349,548.0302788643849,1 45695U 20035AQ  25276.57517162  .00005274  00000+0  37253-3 0  9995,2 45695  53.0539  21.9232 0001239  98.2989 261.8141 15.06412831295476
STARLINK-1422,45696,53.0544,0.0001167,15.06426277,546.3228451101395,547.9392026669148,1 45696U 20035AR  25276.65168582  .00012435  00000+0  85163-3 0  9993,2 45696  53.0544  41.5912 0001167  87.1152 272.9971 15.06426277295197
STARLINK-1351,45697,53.0543,0.0001358,15.0641252,546.232729083963,548.1136433305373,1 45697U 20035AS  25276.49503753  .00014091  00000+0  96264-3 0  9993,2 45697  53.0543  22.2930 0001358 101.6404 258.4738 15.06412520295463
STARLINK-1398,45699,53.0535,0.0002033,15.44737098,430.7661357105544,433.53519867603427,1 45699U 20035AU  25276.61407548  .00046297  00000+0  97820-3 0  9996,2 45699  53.0535 349.5378 0002033 215.2929 144.7942 15.44737098295930
STARLINK-1400,45700,53.0549,0.0001249,15.06468796,546.1357664300904,547.8656658315804,1 45700U 20035AV  25276.60191193  .00041615  00000+0  27910-2 0  9995,2 45700  53.0549  21.8145 0001249  68.0901 292.0221 15.06468796295472
STARLINK-1403,45701,53.0562,0.0001113,15.06405791,546.4230200951042,547.9645987332797,1 45701U 20035AW  25276.29967164  .00001750  00000+0  13630-3 0  9991,2 45701  53.0562  23.1701 0001113  88.5940 271.5176 15.06405791295423
STARLINK-1407,45703,53.0431,0.0009137,15.36160316,451.23050717212664,463.721906746523,1 45703U 20035AY  25276.48912136  .00036401  00000+0  10229-2 0  9994,2 45703  53.0431 347.3080 0009137 295.0002  65.0050 15.36160316295958
STARLINK-1411,45706,53.057,0.0001783,15.3233152,467.63729430700005,470.07893276448704,1 45706U 20035BB  25276.66670139  .00191189  00000+0  58987-2 0  9999,2 45706  53.0570  13.2009 0001783  31.1873   8.2026 15.32331520  5852
STARLINK-1423,45710,53.0546,0.0001367,15.06426634,546.18324577767,548.0766137562696,1 45710U 20035BF  25276.59087303  .00014009  00000+0  95681-3 0  9999,2 45710  53.0546  21.8660 0001367  81.5492 278.5652 15.06426634295470
STARLINK-1433,45711,53.0549,0.0001598,15.06429293,546.0151242139264,548.2284369201961,1 45711U 20035BG  25276.57244092  .00019787  00000+0  13425-2 0  9991,2 45711  53.0549  21.9450 0001598  89.4570 270.6602 15.06429293295463
STARLINK-1434,45712,53.0515,3.95e-05,15.1305896,526.6049421414937,527.1504383020201,1 45712U 20035BH  25276.54647940  .00062187  00000+0  34629-2 0  9999,2 45712  53.0515  19.7377 0000395 309.8688  50.2269 15.13058960295506
STARLINK-1465,45731,53.0528,0.0001035,15.06392266,546.5184856067117,547.9520376648707,1 45731U 20038B   25276.07484521  .00003882  00000+0  27943-3 0  9994,2 45731  53.0528 224.1779 0001035  95.6497 264.4610 15.06392266292439
STARLINK-1471,45735,53.0502,0.0003876,15.39452026,445.08292793738747,450.37433897644314,1 45735U 20038F   25276.13116160  .00032650  00000+0  82709-3 0  9992,2 45735  53.0502 170.9714 0003876  99.2581 260.8861 15.39452026293190
STARLINK-1474,45738,53.0376,0.0005562,15.62358268,377.0876985806417,384.6063924328628,1 45738U 20038J   25276.61046788  .00084122  00000+0  92869-3 0  9995,2 45738  53.0376 130.9826 0005562 163.9591 196.1600 15.62358268293793
STARLINK-1475,45739,53.0529,0.000553,15.64160878,371.9182949345377,379.38798683035384,1 45739U 20038K   25276.66670139  .00228305  00000+0  22983-2 0  9996,2 45739  53.0529  98.3939 0005530 140.5662 296.5532 15.64160878  5858
STARLINK-1480,45741,53.0529,0.0001638,15.06391843,546.1021818924519,548.3709342700786,1 45741U 20038M   25276.58719747  .00013557  00000+0  92746-3 0  9995,2 45741  53.0529 221.8813 0001638 101.2793 258.8380 15.06391843292527
STARLINK-1500,45744,53.0385,0.000546,15.26091797,483.76028944468726,491.2575748025665,1 45744U 20038Q   25276.22009990  .00039610  00000+0  15207-2 0  9995,2 45744  53.0385 206.4103 0005460 107.0123 253.1473 15.26091797292707
STARLINK-1504,45746,53.0284,0.0006566,15.36116341,453.1183142195241,462.09501279844335,1 45746U 20038S   25276.30809226  .00040782  00000+0  11464-2 0  9999,2 45746  53.0284 172.9337 0006566  79.9243 280.2500 15.36116341293179
STARLINK-1506,45747,53.05,0.0004994,15.20239821,501.67912330465515,508.5541170204742,1 45747U 20038T   25276.45977954  .00085415  00000+0  38575-2 0  9994,2 45747  53.0500 206.5854 0004994 129.3508 230.7930 15.20239821292725
STARLINK-1464,45751,53.0537,0.0001306,15.06384302,546.355213660001,548.1641272703264,1 45751U 20038X   25276.19095888 -.00001676  00000+0 -93664-4 0  9998,2 45751  53.0537 203.6554 0001306  87.5999 272.5139 15.06384302292744
STARLINK-1477,45754,53.0528,0.0001361,15.0639045,546.2982835451385,548.183371389774,1 45754U 20038AA  25276.07299758  .00019216  00000+0  13057-2 0  9993,2 45754  53.0528 204.1861 0001361  91.8068 268.3077 15.06390450292723
STARLINK-1478,45755,53.0545,0.0001499,15.06386537,546.2147044674803,548.2909363356375,1 45755U 20038AB  25276.22412666 -.00000161  00000+0  80912-5 0  9993,2 45755  53.0545 203.5093 0001499  91.6815 268.4346 15.06386537292735
STARLINK-1484,45756,53.0161,0.0004527,15.55346673,398.07609993053484,404.2140619266074,1 45756U 20038AC  25276.54809597  .00075049  00000+0  10820-2 0  9996,2 45756  53.0161 118.0430 0004527 141.7136 218.4196 15.55346673293968
STARLINK-1493,45759,53.0523,0.000134,15.0639966,546.2846031431072,548.140596835904,1 45759U 20038AF  25276.21306670  .00032155  00000+0  21678-2 0  9991,2 45759  53.0523 203.5584 0001340 104.1141 255.9997 15.06399660292731
STARLINK-1494,45760,53.0537,0.0001263,15.43478489,434.9917963414928,436.71301006474187,1 45760U 20038AG  25276.66670139  .00397607  00000+0  83054-2 0  9998,2 45760  53.0537 195.0975 0001263  99.2918 240.7106 15.43478489  5843
STARLINK-1502,45764,53.0523,0.0001308,15.06386253,546.3478497313981,548.1595319361195,1 45764U 20038AL  25276.17989781  .00005127  00000+0  36295-3 0  9993,2 45764  53.0523 203.7112 0001308  88.2358 271.8781 15.06386253292745
